
<BugCollection sequence='0' release='' analysisTimestamp='1536249719440' version='3.1.6' timestamp='1536249674000'><Project projectName='com.googlecode.goclipse.jvmcheck'><Jar>/home/travis/build/failed/GoClipse/goclipse/bin-maven/com.googlecode.goclipse.jvmcheck/classes</Jar><AuxClasspathEntry>/home/travis/.m2/repository/p2/osgi/bundle/org.eclipse.ui/3.107.0.v20150507-1945/org.eclipse.ui-3.107.0.v20150507-1945.jar</AuxClasspathEntry><AuxClasspathEntry>/home/travis/.m2/repository/p2/osgi/bundle/org.eclipse.core.runtime/3.11.0.v20150405-1723/org.eclipse.core.runtime-3.11.0.v20150405-1723.jar</AuxClasspathEntry><AuxClasspathEntry>/home/travis/.m2/repository/p2/osgi/bundle/javax.annotation/1.2.0.v201401042248/javax.annotation-1.2.0.v201401042248.jar</AuxClasspathEntry><AuxClasspathEntry>/home/travis/.m2/repository/p2/osgi/bundle/javax.xml/1.3.4.v201005080400/javax.xml-1.3.4.v201005080400.jar</AuxClasspathEntry><AuxClasspathEntry>/home/travis/.m2/repository/p2/osgi/bundle/org.eclipse.osgi/3.10.100.v20150529-1857/org.eclipse.osgi-3.10.100.v20150529-1857.jar</AuxClasspathEntry><AuxClasspathEntry>/home/travis/.m2/repository/p2/osgi/bundle/org.apache.batik.css/1.7.0.v201011041433/org.apache.batik.css-1.7.0.v201011041433.jar</AuxClasspathEntry><AuxClasspathEntry>/home/travis/.m2/repository/p2/osgi/bundle/org.apache.batik.util/1.7.0.v201011041433/org.apache.batik.util-1.7.0.v201011041433.jar</AuxClasspathEntry><AuxClasspathEntry>/home/travis/.m2/repository/p2/osgi/bundle/org.w3c.dom.events/3.0.0.draft20060413_v201105210656/org.w3c.dom.events-3.0.0.draft20060413_v201105210656.jar</AuxClasspathEntry><AuxClasspathEntry>/home/travis/.m2/repository/p2/osgi/bundle/org.w3c.css.sac/1.3.1.v200903091627/org.w3c.css.sac-1.3.1.v200903091627.jar</AuxClasspathEntry><AuxClasspathEntry>/home/travis/.m2/repository/p2/osgi/bundle/org.w3c.dom.svg/1.1.0.v201011041433/org.w3c.dom.svg-1.1.0.v201011041433.jar</AuxClasspathEntry><AuxClasspathEntry>/home/travis/.m2/repository/p2/osgi/bundle/org.apache.batik.util.gui/1.7.0.v200903091627/org.apache.batik.util.gui-1.7.0.v200903091627.jar</AuxClasspathEntry><AuxClasspathEntry>/home/travis/.m2/repository/p2/osgi/bundle/org.eclipse.osgi.services/3.5.0.v20150519-2006/org.eclipse.osgi.services-3.5.0.v20150519-2006.jar</AuxClasspathEntry><AuxClasspathEntry>/home/travis/.m2/repository/p2/osgi/bundle/org.eclipse.core.commands/3.7.0.v20150422-0725/org.eclipse.core.commands-3.7.0.v20150422-0725.jar</AuxClasspathEntry><AuxClasspathEntry>/home/travis/.m2/repository/p2/osgi/bundle/org.eclipse.equinox.common/3.7.0.v20150402-1709/org.eclipse.equinox.common-3.7.0.v20150402-1709.jar</AuxClasspathEntry><AuxClasspathEntry>/home/travis/.m2/repository/p2/osgi/bundle/org.eclipse.core.contenttype/3.5.0.v20150421-2214/org.eclipse.core.contenttype-3.5.0.v20150421-2214.jar</AuxClasspathEntry><AuxClasspathEntry>/home/travis/.m2/repository/p2/osgi/bundle/org.eclipse.equinox.preferences/3.5.300.v20150408-1437/org.eclipse.equinox.preferences-3.5.300.v20150408-1437.jar</AuxClasspathEntry><AuxClasspathEntry>/home/travis/.m2/repository/p2/osgi/bundle/org.eclipse.equinox.registry/3.6.0.v20150318-1503/org.eclipse.equinox.registry-3.6.0.v20150318-1503.jar</AuxClasspathEntry><AuxClasspathEntry>/home/travis/.m2/repository/p2/osgi/bundle/org.eclipse.core.databinding/1.5.0.v20150422-0725/org.eclipse.core.databinding-1.5.0.v20150422-0725.jar</AuxClasspathEntry><AuxClasspathEntry>/home/travis/.m2/repository/p2/osgi/bundle/org.eclipse.core.databinding.observable/1.5.0.v20150422-0725/org.eclipse.core.databinding.observable-1.5.0.v20150422-0725.jar</AuxClasspathEntry><AuxClasspathEntry>/home/travis/.m2/repository/p2/osgi/bundle/org.eclipse.core.databinding.property/1.5.0.v20150422-0725/org.eclipse.core.databinding.property-1.5.0.v20150422-0725.jar</AuxClasspathEntry><AuxClasspathEntry>/home/travis/.m2/repository/p2/osgi/bundle/com.ibm.icu/54.1.1.v201501272100/com.ibm.icu-54.1.1.v201501272100.jar</AuxClasspathEntry><AuxClasspathEntry>/home/travis/.m2/repository/p2/osgi/bundle/org.eclipse.core.expressions/3.5.0.v20150421-2214/org.eclipse.core.expressions-3.5.0.v20150421-2214.jar</AuxClasspathEntry><AuxClasspathEntry>/home/travis/.m2/repository/p2/osgi/bundle/org.eclipse.core.jobs/3.7.0.v20150330-2103/org.eclipse.core.jobs-3.7.0.v20150330-2103.jar</AuxClasspathEntry><AuxClasspathEntry>/home/travis/.m2/repository/p2/osgi/bundle/org.eclipse.equinox.app/1.3.300.v20150423-1356/org.eclipse.equinox.app-1.3.300.v20150423-1356.jar</AuxClasspathEntry><AuxClasspathEntry>/home/travis/.m2/repository/p2/osgi/bundle/org.eclipse.e4.core.commands/0.11.0.v20150422-0725/org.eclipse.e4.core.commands-0.11.0.v20150422-0725.jar</AuxClasspathEntry><AuxClasspathEntry>/home/travis/.m2/repository/p2/osgi/bundle/org.eclipse.e4.core.di/1.5.0.v20150421-2214/org.eclipse.e4.core.di-1.5.0.v20150421-2214.jar</AuxClasspathEntry><AuxClasspathEntry>/home/travis/.m2/repository/p2/osgi/bundle/javax.inject/1.0.0.v20091030/javax.inject-1.0.0.v20091030.jar</AuxClasspathEntry><AuxClasspathEntry>/home/travis/.m2/repository/p2/osgi/bundle/org.eclipse.e4.core.contexts/1.4.0.v20150421-2214/org.eclipse.e4.core.contexts-1.4.0.v20150421-2214.jar</AuxClasspathEntry><AuxClasspathEntry>/home/travis/.m2/repository/p2/osgi/bundle/org.eclipse.e4.core.services/2.0.0.v20150403-1912/org.eclipse.e4.core.services-2.0.0.v20150403-1912.jar</AuxClasspathEntry><AuxClasspathEntry>/home/travis/.m2/repository/p2/osgi/bundle/org.eclipse.e4.core.di.annotations/1.4.0.v20150528-1451/org.eclipse.e4.core.di.annotations-1.4.0.v20150528-1451.jar</AuxClasspathEntry><AuxClasspathEntry>/home/travis/.m2/repository/p2/osgi/bundle/org.eclipse.e4.core.di.extensions/0.13.0.v20150421-2214/org.eclipse.e4.core.di.extensions-0.13.0.v20150421-2214.jar</AuxClasspathEntry><AuxClasspathEntry>/home/travis/.m2/repository/p2/osgi/bundle/org.eclipse.e4.emf.xpath/0.1.100.v20150513-0856/org.eclipse.e4.emf.xpath-0.1.100.v20150513-0856.jar</AuxClasspathEntry><AuxClasspathEntry>/home/travis/.m2/repository/p2/osgi/bundle/org.apache.commons.jxpath/1.3.0.v200911051830/org.apache.commons.jxpath-1.3.0.v200911051830.jar</AuxClasspathEntry><AuxClasspathEntry>/home/travis/.m2/repository/p2/osgi/bundle/org.eclipse.emf.ecore/2.11.2.v20160208-0816/org.eclipse.emf.ecore-2.11.2.v20160208-0816.jar</AuxClasspathEntry><AuxClasspathEntry>/home/travis/.m2/repository/p2/osgi/bundle/org.eclipse.e4.ui.bindings/0.11.0.v20150422-0725/org.eclipse.e4.ui.bindings-0.11.0.v20150422-0725.jar</AuxClasspathEntry><AuxClasspathEntry>/home/travis/.m2/repository/p2/osgi/bundle/org.eclipse.swt/3.104.0.v20150528-0211/org.eclipse.swt-3.104.0.v20150528-0211.jar</AuxClasspathEntry><AuxClasspathEntry>/home/travis/.m2/repository/p2/osgi/bundle/org.eclipse.jface/3.11.0.v20150602-1400/org.eclipse.jface-3.11.0.v20150602-1400.jar</AuxClasspathEntry><AuxClasspathEntry>/home/travis/.m2/repository/p2/osgi/bundle/org.eclipse.e4.ui.css.core/0.11.0.v20150511-1937/org.eclipse.e4.ui.css.core-0.11.0.v20150511-1937.jar</AuxClasspathEntry><AuxClasspathEntry>/home/travis/.m2/repository/p2/osgi/bundle/org.eclipse.e4.ui.css.swt/0.12.0.v20150511-1003/org.eclipse.e4.ui.css.swt-0.12.0.v20150511-1003.jar</AuxClasspathEntry><AuxClasspathEntry>/home/travis/.m2/repository/p2/osgi/bundle/org.eclipse.e4.ui.css.swt.theme/0.10.0.v20150422-0725/org.eclipse.e4.ui.css.swt.theme-0.10.0.v20150422-0725.jar</AuxClasspathEntry><AuxClasspathEntry>/home/travis/.m2/repository/p2/osgi/bundle/org.eclipse.e4.ui.di/1.1.0.v20150422-0725/org.eclipse.e4.ui.di-1.1.0.v20150422-0725.jar</AuxClasspathEntry><AuxClasspathEntry>/home/travis/.m2/repository/p2/osgi/bundle/org.eclipse.e4.ui.model.workbench/1.1.100.v20150407-1430/org.eclipse.e4.ui.model.workbench-1.1.100.v20150407-1430.jar</AuxClasspathEntry><AuxClasspathEntry>/home/travis/.m2/repository/p2/osgi/bundle/org.eclipse.e4.ui.services/1.2.0.v20150422-0725/org.eclipse.e4.ui.services-1.2.0.v20150422-0725.jar</AuxClasspathEntry><AuxClasspathEntry>/home/travis/.m2/repository/p2/osgi/bundle/org.eclipse.e4.ui.widgets/1.1.0.v20150427-1751/org.eclipse.e4.ui.widgets-1.1.0.v20150427-1751.jar</AuxClasspathEntry><AuxClasspathEntry>/home/travis/.m2/repository/p2/osgi/bundle/org.eclipse.e4.ui.workbench/1.3.0.v20150531-1948/org.eclipse.e4.ui.workbench-1.3.0.v20150531-1948.jar</AuxClasspathEntry><AuxClasspathEntry>/home/travis/.m2/repository/p2/osgi/bundle/org.eclipse.emf.ecore.change/2.11.0.v20160208-0816/org.eclipse.emf.ecore.change-2.11.0.v20160208-0816.jar</AuxClasspathEntry><AuxClasspathEntry>/home/travis/.m2/repository/p2/osgi/bundle/org.eclipse.emf.ecore.xmi/2.11.1.v20160208-0816/org.eclipse.emf.ecore.xmi-2.11.1.v20160208-0816.jar</AuxClasspathEntry><AuxClasspathEntry>/home/travis/.m2/repository/p2/osgi/bundle/org.eclipse.e4.ui.workbench.addons.swt/1.2.0.v20150512-1414/org.eclipse.e4.ui.workbench.addons.swt-1.2.0.v20150512-1414.jar</AuxClasspathEntry><AuxClasspathEntry>/home/travis/.m2/repository/p2/osgi/bundle/org.eclipse.e4.ui.workbench.renderers.swt/0.13.0.v20150603-0857/org.eclipse.e4.ui.workbench.renderers.swt-0.13.0.v20150603-0857.jar</AuxClasspathEntry><AuxClasspathEntry>/home/travis/.m2/repository/p2/osgi/bundle/org.eclipse.e4.ui.workbench.swt/0.13.0.v20150504-0621/org.eclipse.e4.ui.workbench.swt-0.13.0.v20150504-0621.jar</AuxClasspathEntry><AuxClasspathEntry>/home/travis/.m2/repository/p2/osgi/bundle/org.eclipse.jface.databinding/1.7.0.v20150406-2148/org.eclipse.jface.databinding-1.7.0.v20150406-2148.jar</AuxClasspathEntry><AuxClasspathEntry>/home/travis/.m2/repository/p2/osgi/bundle/org.eclipse.e4.ui.workbench3/0.13.0.v20150422-0725/org.eclipse.e4.ui.workbench3-0.13.0.v20150422-0725.jar</AuxClasspathEntry><AuxClasspathEntry>/home/travis/.m2/repository/p2/osgi/bundle/org.eclipse.equinox.ds/1.4.300.v20150423-1356/org.eclipse.equinox.ds-1.4.300.v20150423-1356.jar</AuxClasspathEntry><AuxClasspathEntry>/home/travis/.m2/repository/p2/osgi/bundle/org.eclipse.emf.common/2.11.1.v20160208-0816/org.eclipse.emf.common-2.11.1.v20160208-0816.jar</AuxClasspathEntry><AuxClasspathEntry>/home/travis/.m2/repository/p2/osgi/bundle/org.eclipse.equinox.util/1.0.500.v20130404-1337/org.eclipse.equinox.util-1.0.500.v20130404-1337.jar</AuxClasspathEntry><AuxClasspathEntry>/home/travis/.m2/repository/p2/osgi/bundle/org.eclipse.help/3.6.0.v20130326-1254/org.eclipse.help-3.6.0.v20130326-1254.jar</AuxClasspathEntry><AuxClasspathEntry>/home/travis/.m2/repository/p2/osgi/bundle/org.eclipse.swt.gtk.linux.x86_64/3.104.0.v20150528-0211/org.eclipse.swt.gtk.linux.x86_64-3.104.0.v20150528-0211.jar</AuxClasspathEntry><AuxClasspathEntry>/home/travis/.m2/repository/p2/osgi/bundle/org.eclipse.ui.workbench/3.107.0.v20150510-1732/org.eclipse.ui.workbench-3.107.0.v20150510-1732.jar</AuxClasspathEntry><AuxClasspathEntry>/home/travis/.m2/repository/p2/osgi/bundle/org.w3c.dom.smil/1.0.1.v200903091627/org.w3c.dom.smil-1.0.1.v200903091627.jar</AuxClasspathEntry><SrcDir>/home/travis/build/failed/GoClipse/goclipse/releng/plugin_jvmcheck/src/main/java</SrcDir><SrcDir>/home/travis/build/failed/GoClipse/goclipse/releng/plugin_jvmcheck/src</SrcDir><WrkDir>/home/travis/build/failed/GoClipse/goclipse/bin-maven/com.googlecode.goclipse.jvmcheck</WrkDir></Project><Errors missingClasses='0' errors='0'></Errors><FindBugsSummary num_packages='1' total_classes='3' total_size='45' clock_seconds='1.75' referenced_classes='24' vm_version='25.31-b07' total_bugs='0' java_version='1.8.0_31' gc_seconds='0.05' alloc_mbytes='491.00' cpu_seconds='17.68' peak_mbytes='177.05' timestamp='Thu, 6 Sep 2018 16:01:14 +0000'><FileStats path='lang_project_id/jvmcheck/JvmCheck.java' size='42' bugCount='0'></FileStats><FileStats path='lang_project_id/jvmcheck/JvmCheckConstants_Actual.java' size='3' bugCount='0'></FileStats><PackageStats package='lang_project_id.jvmcheck' total_bugs='0' total_size='45' total_types='3'><ClassStats bugs='0' size='27' interface='false' sourceFile='JvmCheck.java' class='lang_project_id.jvmcheck.JvmCheck'></ClassStats><ClassStats bugs='0' size='15' interface='false' sourceFile='JvmCheck.java' class='lang_project_id.jvmcheck.JvmCheck$1'></ClassStats><ClassStats bugs='0' size='3' interface='true' sourceFile='JvmCheckConstants_Actual.java' class='lang_project_id.jvmcheck.JvmCheckConstants_Actual'></ClassStats></PackageStats><FindBugsProfile><ClassProfile avgMicrosecondsPerInvocation='691' totalMilliseconds='316' name='edu.umd.cs.findbugs.classfile.engine.ClassInfoAnalysisEngine' maxMicrosecondsPerInvocation='56423' standardDeviationMicrosecondsPerInvocation='2976' invocations='458'></ClassProfile><ClassProfile avgMicrosecondsPerInvocation='324' totalMilliseconds='149' name='edu.umd.cs.findbugs.classfile.engine.ClassDataAnalysisEngine' maxMicrosecondsPerInvocation='2089' standardDeviationMicrosecondsPerInvocation='178' invocations='459'></ClassProfile><ClassProfile avgMicrosecondsPerInvocation='2949' totalMilliseconds='70' name='edu.umd.cs.findbugs.detect.FieldItemSummary' maxMicrosecondsPerInvocation='16239' standardDeviationMicrosecondsPerInvocation='5082' invocations='24'></ClassProfile><ClassProfile avgMicrosecondsPerInvocation='485' totalMilliseconds='58' name='edu.umd.cs.findbugs.OpcodeStack$JumpInfoFactory' maxMicrosecondsPerInvocation='4471' standardDeviationMicrosecondsPerInvocation='687' invocations='120'></ClassProfile><ClassProfile avgMicrosecondsPerInvocation='2385' totalMilliseconds='57' name='edu.umd.cs.findbugs.detect.FindNoSideEffectMethods' maxMicrosecondsPerInvocation='18690' standardDeviationMicrosecondsPerInvocation='4521' invocations='24'></ClassProfile><ClassProfile avgMicrosecondsPerInvocation='104' totalMilliseconds='45' name='edu.umd.cs.findbugs.util.TopologicalSort' maxMicrosecondsPerInvocation='6361' standardDeviationMicrosecondsPerInvocation='375' invocations='441'></ClassProfile><ClassProfile avgMicrosecondsPerInvocation='5537' totalMilliseconds='44' name='edu.umd.cs.findbugs.classfile.engine.bcel.MethodGenFactory' maxMicrosecondsPerInvocation='41471' standardDeviationMicrosecondsPerInvocation='13582' invocations='8'></ClassProfile><ClassProfile avgMicrosecondsPerInvocation='783' totalMilliseconds='32' name='edu.umd.cs.findbugs.classfile.engine.bcel.JavaClassAnalysisEngine' maxMicrosecondsPerInvocation='15054' standardDeviationMicrosecondsPerInvocation='2389' invocations='41'></ClassProfile><ClassProfile avgMicrosecondsPerInvocation='1198' totalMilliseconds='28' name='edu.umd.cs.findbugs.detect.NoteDirectlyRelevantTypeQualifiers' maxMicrosecondsPerInvocation='10374' standardDeviationMicrosecondsPerInvocation='2371' invocations='24'></ClassProfile><ClassProfile avgMicrosecondsPerInvocation='2999' totalMilliseconds='23' name='edu.umd.cs.findbugs.classfile.engine.bcel.ValueNumberDataflowFactory' maxMicrosecondsPerInvocation='15307' standardDeviationMicrosecondsPerInvocation='4829' invocations='8'></ClassProfile><ClassProfile avgMicrosecondsPerInvocation='6310' totalMilliseconds='18' name='edu.umd.cs.findbugs.detect.FindDeadLocalStores' maxMicrosecondsPerInvocation='18638' standardDeviationMicrosecondsPerInvocation='8717' invocations='3'></ClassProfile><ClassProfile avgMicrosecondsPerInvocation='749' totalMilliseconds='17' name='edu.umd.cs.findbugs.detect.FunctionsThatMightBeMistakenForProcedures' maxMicrosecondsPerInvocation='5096' standardDeviationMicrosecondsPerInvocation='1272' invocations='24'></ClassProfile></FindBugsProfile></FindBugsSummary><ClassFeatures></ClassFeatures><History></History></BugCollection>