
<BugCollection sequence='0' release='' analysisTimestamp='1536249723261' version='3.1.6' timestamp='1536249675000'><Project projectName='com.googlecode.goclipse.tooling'><Jar>/home/travis/build/failed/GoClipse/goclipse/bin-maven/com.googlecode.goclipse.tooling/classes</Jar><AuxClasspathEntry>/home/travis/.m2/repository/.cache/tycho/org.junit-4.11.0.v201303080030.jar/junit.jar</AuxClasspathEntry><AuxClasspathEntry>/home/travis/.m2/repository/p2/osgi/bundle/org.json/1.0.0.v201011060100/org.json-1.0.0.v201011060100.jar</AuxClasspathEntry><AuxClasspathEntry>/home/travis/.m2/repository/p2/osgi/bundle/javax.annotation/1.2.0.v201401042248/javax.annotation-1.2.0.v201401042248.jar</AuxClasspathEntry><AuxClasspathEntry>/home/travis/.m2/repository/p2/osgi/bundle/javax.xml/1.3.4.v201005080400/javax.xml-1.3.4.v201005080400.jar</AuxClasspathEntry><AuxClasspathEntry>/home/travis/.m2/repository/p2/osgi/bundle/org.eclipse.osgi/3.10.100.v20150529-1857/org.eclipse.osgi-3.10.100.v20150529-1857.jar</AuxClasspathEntry><AuxClasspathEntry>/home/travis/.m2/repository/p2/osgi/bundle/org.apache.batik.css/1.7.0.v201011041433/org.apache.batik.css-1.7.0.v201011041433.jar</AuxClasspathEntry><AuxClasspathEntry>/home/travis/.m2/repository/p2/osgi/bundle/org.apache.batik.util/1.7.0.v201011041433/org.apache.batik.util-1.7.0.v201011041433.jar</AuxClasspathEntry><AuxClasspathEntry>/home/travis/.m2/repository/p2/osgi/bundle/org.w3c.dom.events/3.0.0.draft20060413_v201105210656/org.w3c.dom.events-3.0.0.draft20060413_v201105210656.jar</AuxClasspathEntry><AuxClasspathEntry>/home/travis/.m2/repository/p2/osgi/bundle/org.w3c.css.sac/1.3.1.v200903091627/org.w3c.css.sac-1.3.1.v200903091627.jar</AuxClasspathEntry><AuxClasspathEntry>/home/travis/.m2/repository/p2/osgi/bundle/org.w3c.dom.svg/1.1.0.v201011041433/org.w3c.dom.svg-1.1.0.v201011041433.jar</AuxClasspathEntry><AuxClasspathEntry>/home/travis/.m2/repository/p2/osgi/bundle/org.apache.batik.util.gui/1.7.0.v200903091627/org.apache.batik.util.gui-1.7.0.v200903091627.jar</AuxClasspathEntry><AuxClasspathEntry>/home/travis/.m2/repository/p2/osgi/bundle/org.eclipse.osgi.services/3.5.0.v20150519-2006/org.eclipse.osgi.services-3.5.0.v20150519-2006.jar</AuxClasspathEntry><AuxClasspathEntry>/home/travis/.m2/repository/p2/osgi/bundle/org.eclipse.compare/3.5.600.v20150420-1449/org.eclipse.compare-3.5.600.v20150420-1449.jar</AuxClasspathEntry><AuxClasspathEntry>/home/travis/.m2/repository/p2/osgi/bundle/org.eclipse.ui/3.107.0.v20150507-1945/org.eclipse.ui-3.107.0.v20150507-1945.jar</AuxClasspathEntry><AuxClasspathEntry>/home/travis/.m2/repository/p2/osgi/bundle/org.eclipse.core.resources/3.10.0.v20150423-0755/org.eclipse.core.resources-3.10.0.v20150423-0755.jar</AuxClasspathEntry><AuxClasspathEntry>/home/travis/.m2/repository/p2/osgi/bundle/org.eclipse.jface.text/3.10.0.v20150603-1752/org.eclipse.jface.text-3.10.0.v20150603-1752.jar</AuxClasspathEntry><AuxClasspathEntry>/home/travis/.m2/repository/p2/osgi/bundle/org.eclipse.ui.ide/3.11.0.v20150510-1749/org.eclipse.ui.ide-3.11.0.v20150510-1749.jar</AuxClasspathEntry><AuxClasspathEntry>/home/travis/.m2/repository/p2/osgi/bundle/org.eclipse.ui.views/3.8.0.v20150422-0725/org.eclipse.ui.views-3.8.0.v20150422-0725.jar</AuxClasspathEntry><AuxClasspathEntry>/home/travis/.m2/repository/p2/osgi/bundle/org.eclipse.ui.workbench.texteditor/3.9.100.v20141023-1946/org.eclipse.ui.workbench.texteditor-3.9.100.v20141023-1946.jar</AuxClasspathEntry><AuxClasspathEntry>/home/travis/.m2/repository/p2/osgi/bundle/org.eclipse.core.runtime/3.11.0.v20150405-1723/org.eclipse.core.runtime-3.11.0.v20150405-1723.jar</AuxClasspathEntry><AuxClasspathEntry>/home/travis/.m2/repository/p2/osgi/bundle/org.eclipse.core.expressions/3.5.0.v20150421-2214/org.eclipse.core.expressions-3.5.0.v20150421-2214.jar</AuxClasspathEntry><AuxClasspathEntry>/home/travis/.m2/repository/p2/osgi/bundle/org.eclipse.ui.editors/3.9.0.v20150213-1939/org.eclipse.ui.editors-3.9.0.v20150213-1939.jar</AuxClasspathEntry><AuxClasspathEntry>/home/travis/.m2/repository/p2/osgi/bundle/org.eclipse.ui.forms/3.6.200.v20150506-2029/org.eclipse.ui.forms-3.6.200.v20150506-2029.jar</AuxClasspathEntry><AuxClasspathEntry>/home/travis/.m2/repository/p2/osgi/bundle/org.eclipse.compare.core/3.5.500.v20150505-1058/org.eclipse.compare.core-3.5.500.v20150505-1058.jar</AuxClasspathEntry><AuxClasspathEntry>/home/travis/.m2/repository/p2/osgi/bundle/com.ibm.icu/54.1.1.v201501272100/com.ibm.icu-54.1.1.v201501272100.jar</AuxClasspathEntry><AuxClasspathEntry>/home/travis/.m2/repository/p2/osgi/bundle/org.eclipse.core.commands/3.7.0.v20150422-0725/org.eclipse.core.commands-3.7.0.v20150422-0725.jar</AuxClasspathEntry><AuxClasspathEntry>/home/travis/.m2/repository/p2/osgi/bundle/org.eclipse.equinox.common/3.7.0.v20150402-1709/org.eclipse.equinox.common-3.7.0.v20150402-1709.jar</AuxClasspathEntry><AuxClasspathEntry>/home/travis/.m2/repository/p2/osgi/bundle/org.eclipse.core.contenttype/3.5.0.v20150421-2214/org.eclipse.core.contenttype-3.5.0.v20150421-2214.jar</AuxClasspathEntry><AuxClasspathEntry>/home/travis/.m2/repository/p2/osgi/bundle/org.eclipse.equinox.preferences/3.5.300.v20150408-1437/org.eclipse.equinox.preferences-3.5.300.v20150408-1437.jar</AuxClasspathEntry><AuxClasspathEntry>/home/travis/.m2/repository/p2/osgi/bundle/org.eclipse.equinox.registry/3.6.0.v20150318-1503/org.eclipse.equinox.registry-3.6.0.v20150318-1503.jar</AuxClasspathEntry><AuxClasspathEntry>/home/travis/.m2/repository/p2/osgi/bundle/org.eclipse.core.databinding/1.5.0.v20150422-0725/org.eclipse.core.databinding-1.5.0.v20150422-0725.jar</AuxClasspathEntry><AuxClasspathEntry>/home/travis/.m2/repository/p2/osgi/bundle/org.eclipse.core.databinding.observable/1.5.0.v20150422-0725/org.eclipse.core.databinding.observable-1.5.0.v20150422-0725.jar</AuxClasspathEntry><AuxClasspathEntry>/home/travis/.m2/repository/p2/osgi/bundle/org.eclipse.core.databinding.property/1.5.0.v20150422-0725/org.eclipse.core.databinding.property-1.5.0.v20150422-0725.jar</AuxClasspathEntry><AuxClasspathEntry>/home/travis/.m2/repository/p2/osgi/bundle/org.eclipse.core.filebuffers/3.5.500.v20140723-1040/org.eclipse.core.filebuffers-3.5.500.v20140723-1040.jar</AuxClasspathEntry><AuxClasspathEntry>/home/travis/.m2/repository/p2/osgi/bundle/org.eclipse.text/3.5.400.v20150505-1044/org.eclipse.text-3.5.400.v20150505-1044.jar</AuxClasspathEntry><AuxClasspathEntry>/home/travis/.m2/repository/p2/osgi/bundle/org.eclipse.core.filesystem/1.5.0.v20150421-0713/org.eclipse.core.filesystem-1.5.0.v20150421-0713.jar</AuxClasspathEntry><AuxClasspathEntry>/home/travis/.m2/repository/p2/osgi/bundle/org.eclipse.core.jobs/3.7.0.v20150330-2103/org.eclipse.core.jobs-3.7.0.v20150330-2103.jar</AuxClasspathEntry><AuxClasspathEntry>/home/travis/.m2/repository/p2/osgi/bundle/org.eclipse.core.net/1.2.300.v20141118-1725/org.eclipse.core.net-1.2.300.v20141118-1725.jar</AuxClasspathEntry><AuxClasspathEntry>/home/travis/.m2/repository/p2/osgi/bundle/org.eclipse.equinox.security/1.2.100.v20150423-1356/org.eclipse.equinox.security-1.2.100.v20150423-1356.jar</AuxClasspathEntry><AuxClasspathEntry>/home/travis/.m2/repository/p2/osgi/bundle/org.eclipse.equinox.app/1.3.300.v20150423-1356/org.eclipse.equinox.app-1.3.300.v20150423-1356.jar</AuxClasspathEntry><AuxClasspathEntry>/home/travis/.m2/repository/p2/osgi/bundle/org.eclipse.e4.core.commands/0.11.0.v20150422-0725/org.eclipse.e4.core.commands-0.11.0.v20150422-0725.jar</AuxClasspathEntry><AuxClasspathEntry>/home/travis/.m2/repository/p2/osgi/bundle/org.eclipse.e4.core.di/1.5.0.v20150421-2214/org.eclipse.e4.core.di-1.5.0.v20150421-2214.jar</AuxClasspathEntry><AuxClasspathEntry>/home/travis/.m2/repository/p2/osgi/bundle/javax.inject/1.0.0.v20091030/javax.inject-1.0.0.v20091030.jar</AuxClasspathEntry><AuxClasspathEntry>/home/travis/.m2/repository/p2/osgi/bundle/org.eclipse.e4.core.contexts/1.4.0.v20150421-2214/org.eclipse.e4.core.contexts-1.4.0.v20150421-2214.jar</AuxClasspathEntry><AuxClasspathEntry>/home/travis/.m2/repository/p2/osgi/bundle/org.eclipse.e4.core.services/2.0.0.v20150403-1912/org.eclipse.e4.core.services-2.0.0.v20150403-1912.jar</AuxClasspathEntry><AuxClasspathEntry>/home/travis/.m2/repository/p2/osgi/bundle/org.eclipse.e4.core.di.annotations/1.4.0.v20150528-1451/org.eclipse.e4.core.di.annotations-1.4.0.v20150528-1451.jar</AuxClasspathEntry><AuxClasspathEntry>/home/travis/.m2/repository/p2/osgi/bundle/org.eclipse.e4.core.di.extensions/0.13.0.v20150421-2214/org.eclipse.e4.core.di.extensions-0.13.0.v20150421-2214.jar</AuxClasspathEntry><AuxClasspathEntry>/home/travis/.m2/repository/p2/osgi/bundle/org.eclipse.e4.emf.xpath/0.1.100.v20150513-0856/org.eclipse.e4.emf.xpath-0.1.100.v20150513-0856.jar</AuxClasspathEntry><AuxClasspathEntry>/home/travis/.m2/repository/p2/osgi/bundle/org.apache.commons.jxpath/1.3.0.v200911051830/org.apache.commons.jxpath-1.3.0.v200911051830.jar</AuxClasspathEntry><AuxClasspathEntry>/home/travis/.m2/repository/p2/osgi/bundle/org.eclipse.emf.ecore/2.11.2.v20160208-0816/org.eclipse.emf.ecore-2.11.2.v20160208-0816.jar</AuxClasspathEntry><AuxClasspathEntry>/home/travis/.m2/repository/p2/osgi/bundle/org.eclipse.e4.ui.bindings/0.11.0.v20150422-0725/org.eclipse.e4.ui.bindings-0.11.0.v20150422-0725.jar</AuxClasspathEntry><AuxClasspathEntry>/home/travis/.m2/repository/p2/osgi/bundle/org.eclipse.swt/3.104.0.v20150528-0211/org.eclipse.swt-3.104.0.v20150528-0211.jar</AuxClasspathEntry><AuxClasspathEntry>/home/travis/.m2/repository/p2/osgi/bundle/org.eclipse.jface/3.11.0.v20150602-1400/org.eclipse.jface-3.11.0.v20150602-1400.jar</AuxClasspathEntry><AuxClasspathEntry>/home/travis/.m2/repository/p2/osgi/bundle/org.eclipse.e4.ui.css.core/0.11.0.v20150511-1937/org.eclipse.e4.ui.css.core-0.11.0.v20150511-1937.jar</AuxClasspathEntry><AuxClasspathEntry>/home/travis/.m2/repository/p2/osgi/bundle/org.eclipse.e4.ui.css.swt/0.12.0.v20150511-1003/org.eclipse.e4.ui.css.swt-0.12.0.v20150511-1003.jar</AuxClasspathEntry><AuxClasspathEntry>/home/travis/.m2/repository/p2/osgi/bundle/org.eclipse.e4.ui.css.swt.theme/0.10.0.v20150422-0725/org.eclipse.e4.ui.css.swt.theme-0.10.0.v20150422-0725.jar</AuxClasspathEntry><AuxClasspathEntry>/home/travis/.m2/repository/p2/osgi/bundle/org.eclipse.e4.ui.di/1.1.0.v20150422-0725/org.eclipse.e4.ui.di-1.1.0.v20150422-0725.jar</AuxClasspathEntry><AuxClasspathEntry>/home/travis/.m2/repository/p2/osgi/bundle/org.eclipse.e4.ui.model.workbench/1.1.100.v20150407-1430/org.eclipse.e4.ui.model.workbench-1.1.100.v20150407-1430.jar</AuxClasspathEntry><AuxClasspathEntry>/home/travis/.m2/repository/p2/osgi/bundle/org.eclipse.e4.ui.services/1.2.0.v20150422-0725/org.eclipse.e4.ui.services-1.2.0.v20150422-0725.jar</AuxClasspathEntry><AuxClasspathEntry>/home/travis/.m2/repository/p2/osgi/bundle/org.eclipse.e4.ui.widgets/1.1.0.v20150427-1751/org.eclipse.e4.ui.widgets-1.1.0.v20150427-1751.jar</AuxClasspathEntry><AuxClasspathEntry>/home/travis/.m2/repository/p2/osgi/bundle/org.eclipse.e4.ui.workbench/1.3.0.v20150531-1948/org.eclipse.e4.ui.workbench-1.3.0.v20150531-1948.jar</AuxClasspathEntry><AuxClasspathEntry>/home/travis/.m2/repository/p2/osgi/bundle/org.eclipse.emf.ecore.change/2.11.0.v20160208-0816/org.eclipse.emf.ecore.change-2.11.0.v20160208-0816.jar</AuxClasspathEntry><AuxClasspathEntry>/home/travis/.m2/repository/p2/osgi/bundle/org.eclipse.emf.ecore.xmi/2.11.1.v20160208-0816/org.eclipse.emf.ecore.xmi-2.11.1.v20160208-0816.jar</AuxClasspathEntry><AuxClasspathEntry>/home/travis/.m2/repository/p2/osgi/bundle/org.eclipse.e4.ui.workbench.addons.swt/1.2.0.v20150512-1414/org.eclipse.e4.ui.workbench.addons.swt-1.2.0.v20150512-1414.jar</AuxClasspathEntry><AuxClasspathEntry>/home/travis/.m2/repository/p2/osgi/bundle/org.eclipse.e4.ui.workbench.renderers.swt/0.13.0.v20150603-0857/org.eclipse.e4.ui.workbench.renderers.swt-0.13.0.v20150603-0857.jar</AuxClasspathEntry><AuxClasspathEntry>/home/travis/.m2/repository/p2/osgi/bundle/org.eclipse.e4.ui.workbench.swt/0.13.0.v20150504-0621/org.eclipse.e4.ui.workbench.swt-0.13.0.v20150504-0621.jar</AuxClasspathEntry><AuxClasspathEntry>/home/travis/.m2/repository/p2/osgi/bundle/org.eclipse.jface.databinding/1.7.0.v20150406-2148/org.eclipse.jface.databinding-1.7.0.v20150406-2148.jar</AuxClasspathEntry><AuxClasspathEntry>/home/travis/.m2/repository/p2/osgi/bundle/org.eclipse.e4.ui.workbench3/0.13.0.v20150422-0725/org.eclipse.e4.ui.workbench3-0.13.0.v20150422-0725.jar</AuxClasspathEntry><AuxClasspathEntry>/home/travis/.m2/repository/p2/osgi/bundle/org.eclipse.equinox.ds/1.4.300.v20150423-1356/org.eclipse.equinox.ds-1.4.300.v20150423-1356.jar</AuxClasspathEntry><AuxClasspathEntry>/home/travis/.m2/repository/p2/osgi/bundle/org.eclipse.emf.common/2.11.1.v20160208-0816/org.eclipse.emf.common-2.11.1.v20160208-0816.jar</AuxClasspathEntry><AuxClasspathEntry>/home/travis/.m2/repository/p2/osgi/bundle/org.eclipse.equinox.bidi/0.10.0.v20130327-1442/org.eclipse.equinox.bidi-0.10.0.v20130327-1442.jar</AuxClasspathEntry><AuxClasspathEntry>/home/travis/.m2/repository/p2/osgi/bundle/org.eclipse.equinox.util/1.0.500.v20130404-1337/org.eclipse.equinox.util-1.0.500.v20130404-1337.jar</AuxClasspathEntry><AuxClasspathEntry>/home/travis/.m2/repository/p2/osgi/bundle/org.eclipse.equinox.p2.core/2.4.0.v20150527-1706/org.eclipse.equinox.p2.core-2.4.0.v20150527-1706.jar</AuxClasspathEntry><AuxClasspathEntry>/home/travis/.m2/repository/p2/osgi/bundle/org.eclipse.equinox.p2.engine/2.4.0.v20150511-1532/org.eclipse.equinox.p2.engine-2.4.0.v20150511-1532.jar</AuxClasspathEntry><AuxClasspathEntry>/home/travis/.m2/repository/p2/osgi/bundle/org.eclipse.equinox.p2.metadata/2.3.0.v20150511-1532/org.eclipse.equinox.p2.metadata-2.3.0.v20150511-1532.jar</AuxClasspathEntry><AuxClasspathEntry>/home/travis/.m2/repository/p2/osgi/bundle/org.eclipse.equinox.p2.metadata.repository/1.2.200.v20150428-1613/org.eclipse.equinox.p2.metadata.repository-1.2.200.v20150428-1613.jar</AuxClasspathEntry><AuxClasspathEntry>/home/travis/.m2/repository/p2/osgi/bundle/org.eclipse.equinox.p2.repository/2.3.100.v20150428-1613/org.eclipse.equinox.p2.repository-2.3.100.v20150428-1613.jar</AuxClasspathEntry><AuxClasspathEntry>/home/travis/.m2/repository/p2/osgi/bundle/org.tukaani.xz/1.3.0.v201308270617/org.tukaani.xz-1.3.0.v201308270617.jar</AuxClasspathEntry><AuxClasspathEntry>/home/travis/.m2/repository/p2/osgi/bundle/org.eclipse.help/3.6.0.v20130326-1254/org.eclipse.help-3.6.0.v20130326-1254.jar</AuxClasspathEntry><AuxClasspathEntry>/home/travis/.m2/repository/p2/osgi/bundle/org.eclipse.ltk.core.refactoring/3.6.200.v20140826-0859/org.eclipse.ltk.core.refactoring-3.6.200.v20140826-0859.jar</AuxClasspathEntry><AuxClasspathEntry>/home/travis/.m2/repository/p2/osgi/bundle/org.eclipse.ltk.ui.refactoring/3.7.200.v20140625-1835/org.eclipse.ltk.ui.refactoring-3.7.200.v20140625-1835.jar</AuxClasspathEntry><AuxClasspathEntry>/home/travis/.m2/repository/p2/osgi/bundle/org.eclipse.ui.navigator/3.6.0.v20150422-0725/org.eclipse.ui.navigator-3.6.0.v20150422-0725.jar</AuxClasspathEntry><AuxClasspathEntry>/home/travis/.m2/repository/p2/osgi/bundle/org.eclipse.team.core/3.7.100.v20150203-1452/org.eclipse.team.core-3.7.100.v20150203-1452.jar</AuxClasspathEntry><AuxClasspathEntry>/home/travis/.m2/repository/p2/osgi/bundle/org.eclipse.team.ui/3.7.200.v20150203-1452/org.eclipse.team.ui-3.7.200.v20150203-1452.jar</AuxClasspathEntry><AuxClasspathEntry>/home/travis/.m2/repository/p2/osgi/bundle/org.eclipse.swt.gtk.linux.x86_64/3.104.0.v20150528-0211/org.eclipse.swt.gtk.linux.x86_64-3.104.0.v20150528-0211.jar</AuxClasspathEntry><AuxClasspathEntry>/home/travis/.m2/repository/p2/osgi/bundle/org.eclipse.ui.workbench/3.107.0.v20150510-1732/org.eclipse.ui.workbench-3.107.0.v20150510-1732.jar</AuxClasspathEntry><AuxClasspathEntry>/home/travis/.m2/repository/p2/osgi/bundle/org.eclipse.ui.ide.application/1.1.0.v20150422-0725/org.eclipse.ui.ide.application-1.1.0.v20150422-0725.jar</AuxClasspathEntry><AuxClasspathEntry>/home/travis/.m2/repository/p2/osgi/bundle/org.eclipse.ui.navigator.resources/3.5.0.v20150422-0725/org.eclipse.ui.navigator.resources-3.5.0.v20150422-0725.jar</AuxClasspathEntry><AuxClasspathEntry>/home/travis/.m2/repository/p2/osgi/bundle/org.eclipse.ui.views.properties.tabbed/3.6.100.v20150423-0822/org.eclipse.ui.views.properties.tabbed-3.6.100.v20150423-0822.jar</AuxClasspathEntry><AuxClasspathEntry>/home/travis/.m2/repository/p2/osgi/bundle/org.hamcrest.core/1.3.0.v201303031735/org.hamcrest.core-1.3.0.v201303031735.jar</AuxClasspathEntry><AuxClasspathEntry>/home/travis/.m2/repository/p2/osgi/bundle/org.w3c.dom.smil/1.0.1.v200903091627/org.w3c.dom.smil-1.0.1.v200903091627.jar</AuxClasspathEntry><AuxClasspathEntry>/home/travis/.m2/repository/p2/osgi/bundle/org.eclipse.equinox.launcher/1.3.100.v20150511-1540/org.eclipse.equinox.launcher-1.3.100.v20150511-1540.jar</AuxClasspathEntry><SrcDir>/home/travis/build/failed/GoClipse/goclipse/plugin_tooling/src/main/java</SrcDir><SrcDir>/home/travis/build/failed/GoClipse/goclipse/plugin_tooling/src-util</SrcDir><SrcDir>/home/travis/build/failed/GoClipse/goclipse/plugin_tooling/src-lang</SrcDir><SrcDir>/home/travis/build/failed/GoClipse/goclipse/plugin_tooling/src</SrcDir><SrcDir>/home/travis/build/failed/GoClipse/goclipse/plugin_tooling/src-tests</SrcDir><WrkDir>/home/travis/build/failed/GoClipse/goclipse/bin-maven/com.googlecode.goclipse.tooling</WrkDir></Project><BugInstance instanceOccurrenceNum='0' instanceHash='f9397e987a5ea4399eda1f99f5cf0dbc' cweid='218' rank='16' abbrev='MS' category='MALICIOUS_CODE' priority='1' type='MS_SHOULD_BE_FINAL' instanceOccurrenceMax='0'><ShortMessage>Field isn't final but should be</ShortMessage><LongMessage>melnorme.lang.tests.CommonToolingTest.executedTests isn't final but should be</LongMessage><Class classname='melnorme.lang.tests.CommonToolingTest' primary='true'><SourceLine classname='melnorme.lang.tests.CommonToolingTest' start='23' end='37' sourcepath='melnorme/lang/tests/CommonToolingTest.java' sourcefile='CommonToolingTest.java'><Message>At CommonToolingTest.java:[lines 23-37]</Message></SourceLine><Message>In class melnorme.lang.tests.CommonToolingTest</Message></Class><Field isStatic='true' classname='melnorme.lang.tests.CommonToolingTest' signature='Ljava/util/Set;' name='executedTests' primary='true'><SourceLine classname='melnorme.lang.tests.CommonToolingTest' sourcepath='melnorme/lang/tests/CommonToolingTest.java' sourcefile='CommonToolingTest.java'><Message>In CommonToolingTest.java</Message></SourceLine><Message>Field melnorme.lang.tests.CommonToolingTest.executedTests</Message></Field><SourceLine endBytecode='21' classname='melnorme.lang.tests.CommonToolingTest' start='28' end='28' sourcepath='melnorme/lang/tests/CommonToolingTest.java' sourcefile='CommonToolingTest.java' startBytecode='21' primary='true'><Message>At CommonToolingTest.java:[line 28]</Message></SourceLine></BugInstance><BugInstance instanceOccurrenceNum='0' instanceHash='c8fd4765546bfdad1e3eff2ebfe6ffd4' cweid='218' rank='16' abbrev='MS' category='MALICIOUS_CODE' priority='1' type='MS_SHOULD_BE_FINAL' instanceOccurrenceMax='0'><ShortMessage>Field isn't final but should be</ShortMessage><LongMessage>melnorme.lang.tests.CommonToolingTest.testsLogger isn't final but should be</LongMessage><Class classname='melnorme.lang.tests.CommonToolingTest' primary='true'><SourceLine classname='melnorme.lang.tests.CommonToolingTest' start='23' end='37' sourcepath='melnorme/lang/tests/CommonToolingTest.java' sourcefile='CommonToolingTest.java'><Message>At CommonToolingTest.java:[lines 23-37]</Message></SourceLine><Message>In class melnorme.lang.tests.CommonToolingTest</Message></Class><Field isStatic='true' classname='melnorme.lang.tests.CommonToolingTest' signature='Ljava/io/PrintStream;' name='testsLogger' primary='true'><SourceLine classname='melnorme.lang.tests.CommonToolingTest' sourcepath='melnorme/lang/tests/CommonToolingTest.java' sourcefile='CommonToolingTest.java'><Message>In CommonToolingTest.java</Message></SourceLine><Message>Field melnorme.lang.tests.CommonToolingTest.testsLogger</Message></Field><SourceLine endBytecode='3' classname='melnorme.lang.tests.CommonToolingTest' start='25' end='25' sourcepath='melnorme/lang/tests/CommonToolingTest.java' sourcefile='CommonToolingTest.java' startBytecode='3' primary='true'><Message>At CommonToolingTest.java:[line 25]</Message></SourceLine></BugInstance><BugInstance instanceOccurrenceNum='0' instanceHash='6e7ceff3f1b9c53ad208fa408b4e2f79' rank='14' abbrev='HE' category='BAD_PRACTICE' priority='1' type='HE_EQUALS_USE_HASHCODE' instanceOccurrenceMax='0'><ShortMessage>Class defines equals() and uses Object.hashCode()</ShortMessage><LongMessage>melnorme.lang.tooling.ast.ParserError defines equals and uses Object.hashCode()</LongMessage><Class classname='melnorme.lang.tooling.ast.ParserError' primary='true'><SourceLine classname='melnorme.lang.tooling.ast.ParserError' start='27' end='78' sourcepath='melnorme/lang/tooling/ast/ParserError.java' sourcefile='ParserError.java'><Message>At ParserError.java:[lines 27-78]</Message></SourceLine><Message>In class melnorme.lang.tooling.ast.ParserError</Message></Class><Method isStatic='false' classname='melnorme.lang.tooling.ast.ParserError' signature='(Ljava/lang/Object;)Z' name='equals' primary='true'><SourceLine endBytecode='178' classname='melnorme.lang.tooling.ast.ParserError' start='52' end='56' sourcepath='melnorme/lang/tooling/ast/ParserError.java' sourcefile='ParserError.java' startBytecode='0'></SourceLine><Message>In method melnorme.lang.tooling.ast.ParserError.equals(Object)</Message></Method><SourceLine synthetic='true' endBytecode='178' classname='melnorme.lang.tooling.ast.ParserError' start='52' end='56' sourcepath='melnorme/lang/tooling/ast/ParserError.java' sourcefile='ParserError.java' startBytecode='0'><Message>At ParserError.java:[lines 52-56]</Message></SourceLine></BugInstance><BugInstance instanceOccurrenceNum='0' instanceHash='17bc7b6faf9b36db6ed23b0d94e828cc' rank='14' abbrev='HE' category='BAD_PRACTICE' priority='1' type='HE_EQUALS_USE_HASHCODE' instanceOccurrenceMax='0'><ShortMessage>Class defines equals() and uses Object.hashCode()</ShortMessage><LongMessage>melnorme.lang.tooling.ast.SourceRange defines equals and uses Object.hashCode()</LongMessage><Class classname='melnorme.lang.tooling.ast.SourceRange' primary='true'><SourceLine classname='melnorme.lang.tooling.ast.SourceRange' start='1' end='85' sourcepath='melnorme/lang/tooling/ast/SourceRange.java' sourcefile='SourceRange.java'><Message>At SourceRange.java:[lines 1-85]</Message></SourceLine><Message>In class melnorme.lang.tooling.ast.SourceRange</Message></Class><Method isStatic='false' classname='melnorme.lang.tooling.ast.SourceRange' signature='(Ljava/lang/Object;)Z' name='equals' primary='true'><SourceLine endBytecode='131' classname='melnorme.lang.tooling.ast.SourceRange' start='48' end='52' sourcepath='melnorme/lang/tooling/ast/SourceRange.java' sourcefile='SourceRange.java' startBytecode='0'></SourceLine><Message>In method melnorme.lang.tooling.ast.SourceRange.equals(Object)</Message></Method><SourceLine synthetic='true' endBytecode='131' classname='melnorme.lang.tooling.ast.SourceRange' start='48' end='52' sourcepath='melnorme/lang/tooling/ast/SourceRange.java' sourcefile='SourceRange.java' startBytecode='0'><Message>At SourceRange.java:[lines 48-52]</Message></SourceLine></BugInstance><BugInstance instanceOccurrenceNum='0' instanceHash='337d8ea6a86dda2283858598e35852bc' cweid='218' rank='16' abbrev='MS' category='MALICIOUS_CODE' priority='1' type='MS_SHOULD_BE_FINAL' instanceOccurrenceMax='0'><ShortMessage>Field isn't final but should be</ShortMessage><LongMessage>melnorme.lang.tooling.data.ValidationMessages.Path_Error_EmptyPath isn't final but should be</LongMessage><Class classname='melnorme.lang.tooling.data.ValidationMessages' primary='true'><SourceLine classname='melnorme.lang.tooling.data.ValidationMessages' start='18' end='57' sourcepath='melnorme/lang/tooling/data/ValidationMessages.java' sourcefile='ValidationMessages.java'><Message>At ValidationMessages.java:[lines 18-57]</Message></SourceLine><Message>In class melnorme.lang.tooling.data.ValidationMessages</Message></Class><Field isStatic='true' classname='melnorme.lang.tooling.data.ValidationMessages' signature='Ljava/lang/String;' name='Path_Error_EmptyPath' primary='true'><SourceLine classname='melnorme.lang.tooling.data.ValidationMessages' sourcepath='melnorme/lang/tooling/data/ValidationMessages.java' sourcefile='ValidationMessages.java'><Message>In ValidationMessages.java</Message></SourceLine><Message>Field melnorme.lang.tooling.data.ValidationMessages.Path_Error_EmptyPath</Message></Field><SourceLine endBytecode='2' classname='melnorme.lang.tooling.data.ValidationMessages' start='20' end='20' sourcepath='melnorme/lang/tooling/data/ValidationMessages.java' sourcefile='ValidationMessages.java' startBytecode='2' primary='true'><Message>At ValidationMessages.java:[line 20]</Message></SourceLine></BugInstance><BugInstance instanceOccurrenceNum='0' instanceHash='8a5cfeb43a3d708e7fd974b384804ca5' cweid='674' rank='9' abbrev='IL' category='CORRECTNESS' priority='1' type='IL_INFINITE_RECURSIVE_LOOP' instanceOccurrenceMax='0'><ShortMessage>An apparent infinite recursive loop</ShortMessage><LongMessage>There is an apparent infinite recursive loop in melnorme.utilbox.core.fntypes.Function.apply(Object)</LongMessage><Class classname='melnorme.utilbox.core.fntypes.Function' primary='true'><SourceLine classname='melnorme.utilbox.core.fntypes.Function' start='13' end='13' sourcepath='melnorme/utilbox/core/fntypes/Function.java' sourcefile='Function.java'><Message>At Function.java:[line 13]</Message></SourceLine><Message>In class melnorme.utilbox.core.fntypes.Function</Message></Class><Method isStatic='false' classname='melnorme.utilbox.core.fntypes.Function' signature='(Ljava/lang/Object;)Ljava/lang/Object;' name='apply' primary='true'><SourceLine endBytecode='87' classname='melnorme.utilbox.core.fntypes.Function' start='13' end='13' sourcepath='melnorme/utilbox/core/fntypes/Function.java' sourcefile='Function.java' startBytecode='0'></SourceLine><Message>In method melnorme.utilbox.core.fntypes.Function.apply(Object)</Message></Method><SourceLine endBytecode='2' classname='melnorme.utilbox.core.fntypes.Function' start='13' end='13' sourcepath='melnorme/utilbox/core/fntypes/Function.java' sourcefile='Function.java' startBytecode='2' primary='true'><Message>At Function.java:[line 13]</Message></SourceLine></BugInstance><BugInstance instanceOccurrenceNum='0' instanceHash='a7bfd8221b0298eb40647eb09bb38e4f' cweid='476' rank='16' abbrev='RCN' category='STYLE' priority='1' type='RCN_REDUNDANT_NULLCHECK_OF_NONNULL_VALUE' instanceOccurrenceMax='0'><ShortMessage>Redundant nullcheck of value known to be non-null</ShortMessage><LongMessage>Redundant nullcheck of propValue, which is known to be non-null in melnorme.utilbox.misc.MiscUtil.getSystemProperty(String, boolean)</LongMessage><Class classname='melnorme.utilbox.misc.MiscUtil' primary='true'><SourceLine classname='melnorme.utilbox.misc.MiscUtil' start='27' end='163' sourcepath='melnorme/utilbox/misc/MiscUtil.java' sourcefile='MiscUtil.java'><Message>At MiscUtil.java:[lines 27-163]</Message></SourceLine><Message>In class melnorme.utilbox.misc.MiscUtil</Message></Class><Method isStatic='true' classname='melnorme.utilbox.misc.MiscUtil' signature='(Ljava/lang/String;Z)Z' name='getSystemProperty' primary='true'><SourceLine endBytecode='107' classname='melnorme.utilbox.misc.MiscUtil' start='51' end='55' sourcepath='melnorme/utilbox/misc/MiscUtil.java' sourcefile='MiscUtil.java' startBytecode='0'></SourceLine><Message>In method melnorme.utilbox.misc.MiscUtil.getSystemProperty(String, boolean)</Message></Method><LocalVariable role='LOCAL_VARIABLE_VALUE_OF' pc='11' name='propValue' register='2'><Message>Value loaded from propValue</Message></LocalVariable><Method isStatic='true' role='METHOD_RETURN_VALUE_OF' classname='java.lang.System' signature='(Ljava/lang/String;)Ljava/lang/String;' name='getProperty'><SourceLine endBytecode='78' classname='java.lang.System' start='711' end='717' sourcepath='java/lang/System.java' sourcefile='System.java' startBytecode='0'></SourceLine><Message>Return value of System.getProperty(String) of type String</Message></Method><SourceLine role='SOURCE_REDUNDANT_NULL_CHECK' endBytecode='12' classname='melnorme.utilbox.misc.MiscUtil' start='55' end='55' sourcepath='melnorme/utilbox/misc/MiscUtil.java' sourcefile='MiscUtil.java' startBytecode='12' primary='true'><Message>Redundant null check at MiscUtil.java:[line 55]</Message></SourceLine></BugInstance><BugCategory category='BAD_PRACTICE'><Description>Bad practice</Description></BugCategory><BugCategory category='MALICIOUS_CODE'><Description>Malicious code vulnerability</Description></BugCategory><BugCategory category='CORRECTNESS'><Description>Correctness</Description></BugCategory><BugCategory category='STYLE'><Description>Dodgy code</Description></BugCategory><BugPattern cweid='674' abbrev='IL' category='CORRECTNESS' type='IL_INFINITE_RECURSIVE_LOOP'><ShortDescription>An apparent infinite recursive loop</ShortDescription><Details>

&lt;p&gt;This method unconditionally invokes itself. This would seem to indicate
an infinite recursive loop that will result in a stack overflow.&lt;/p&gt;

    </Details></BugPattern><BugPattern abbrev='MS' category='MALICIOUS_CODE' type='MS_SHOULD_BE_FINAL'><ShortDescription>Field isn't final but should be</ShortDescription><Details>

   &lt;p&gt;
This static field public but not final, and
could be changed by malicious code or
        by accident from another package.
        The field could be made final to avoid
        this vulnerability.&lt;/p&gt;

    </Details></BugPattern><BugPattern abbrev='HE' category='BAD_PRACTICE' type='HE_EQUALS_USE_HASHCODE'><ShortDescription>Class defines equals() and uses Object.hashCode()</ShortDescription><Details>

  &lt;p&gt; This class overrides &lt;code&gt;equals(Object)&lt;/code&gt;, but does not
  override &lt;code&gt;hashCode()&lt;/code&gt;, and inherits the implementation of
  &lt;code&gt;hashCode()&lt;/code&gt; from &lt;code&gt;java.lang.Object&lt;/code&gt; (which returns
  the identity hash code, an arbitrary value assigned to the object
  by the VM).&amp;nbsp; Therefore, the class is very likely to violate the
  invariant that equal objects must have equal hashcodes.&lt;/p&gt;

&lt;p&gt;If you don't think instances of this class will ever be inserted into a HashMap/HashTable,
the recommended &lt;code&gt;hashCode&lt;/code&gt; implementation to use is:&lt;/p&gt;
&lt;pre&gt;&lt;code&gt;public int hashCode() {
    assert false : "hashCode not designed";
    return 42; // any arbitrary constant will do
}
&lt;/code&gt;&lt;/pre&gt;

    </Details></BugPattern><BugPattern abbrev='RCN' category='STYLE' type='RCN_REDUNDANT_NULLCHECK_OF_NONNULL_VALUE'><ShortDescription>Redundant nullcheck of value known to be non-null</ShortDescription><Details>

&lt;p&gt; This method contains a redundant check of a known non-null value against
the constant null.&lt;/p&gt;

    </Details></BugPattern><BugCode abbrev='IL'><Description>Infinite Loop</Description></BugCode><BugCode cweid='218' abbrev='MS'><Description>Mutable static field</Description></BugCode><BugCode cweid='476' abbrev='RCN'><Description>Redundant comparison to null</Description></BugCode><BugCode abbrev='HE'><Description>Equal objects must have equal hashcodes</Description></BugCode><Errors missingClasses='0' errors='0'></Errors><FindBugsSummary num_packages='27' total_classes='224' priority_1='7' total_size='5855' clock_seconds='6.21' referenced_classes='506' vm_version='25.31-b07' total_bugs='7' java_version='1.8.0_31' gc_seconds='0.24' alloc_mbytes='471.50' cpu_seconds='58.25' peak_mbytes='244.08' timestamp='Thu, 6 Sep 2018 16:01:15 +0000'><FileStats path='com/googlecode/goclipse/tooling/CommonGoToolingTest.java' size='19' bugCount='0'></FileStats><FileStats path='com/googlecode/goclipse/tooling/GoBuildOutputProcessor.java' size='37' bugCount='0'></FileStats><FileStats path='com/googlecode/goclipse/tooling/GoBuildOutputProcessorTest.java' size='66' bugCount='0'></FileStats><FileStats path='com/googlecode/goclipse/tooling/GoCommandConstants.java' size='14' bugCount='0'></FileStats><FileStats path='com/googlecode/goclipse/tooling/GoFileNaming.java' size='4' bugCount='0'></FileStats><FileStats path='com/googlecode/goclipse/tooling/GoPackageName.java' size='29' bugCount='0'></FileStats><FileStats path='com/googlecode/goclipse/tooling/GoPackagesVisitor.java' size='79' bugCount='0'></FileStats><FileStats path='com/googlecode/goclipse/tooling/GoSDKLocationValidator.java' size='6' bugCount='0'></FileStats><FileStats path='com/googlecode/goclipse/tooling/GoSourceFileUtil.java' size='20' bugCount='0'></FileStats><FileStats path='com/googlecode/goclipse/tooling/env/GoArch.java' size='11' bugCount='0'></FileStats><FileStats path='com/googlecode/goclipse/tooling/env/GoEnvironment.java' size='99' bugCount='0'></FileStats><FileStats path='com/googlecode/goclipse/tooling/env/GoEnvironmentConstants.java' size='5' bugCount='0'></FileStats><FileStats path='com/googlecode/goclipse/tooling/env/GoEnvironmentTest.java' size='79' bugCount='0'></FileStats><FileStats path='com/googlecode/goclipse/tooling/env/GoOs.java' size='30' bugCount='0'></FileStats><FileStats path='com/googlecode/goclipse/tooling/env/GoPath.java' size='62' bugCount='0'></FileStats><FileStats path='com/googlecode/goclipse/tooling/env/GoRoot.java' size='19' bugCount='0'></FileStats><FileStats path='com/googlecode/goclipse/tooling/gocode/GocodeCompletionOperation.java' size='34' bugCount='0'></FileStats><FileStats path='com/googlecode/goclipse/tooling/oracle/GoOracleDescribeOperation.java' size='24' bugCount='0'></FileStats><FileStats path='com/googlecode/goclipse/tooling/oracle/GoOracleFindDefinitionOperation.java' size='46' bugCount='0'></FileStats><FileStats path='com/googlecode/goclipse/tooling/oracle/GoOracleFindDefinitionOperation_Test.java' size='32' bugCount='0'></FileStats><FileStats path='com/googlecode/goclipse/tooling/oracle/JSONParseHelpers.java' size='18' bugCount='0'></FileStats><FileStats path='com/googlecode/goclipse/tooling/oracle/OraclePackageDescribeParser.java' size='123' bugCount='0'></FileStats><FileStats path='com/googlecode/goclipse/tooling/oracle/OraclePackageDescribeParser_Test.java' size='71' bugCount='0'></FileStats><FileStats path='melnorme/lang/tests/CommonToolingTest.java' size='16' bugHash='0728cf1ba0ad1fb38a43833179ac5ab1' bugCount='2'></FileStats><FileStats path='melnorme/lang/tests/LangToolingTestResources.java' size='41' bugCount='0'></FileStats><FileStats path='melnorme/lang/tooling/AbstractElementAttributes.java' size='38' bugCount='0'></FileStats><FileStats path='melnorme/lang/tooling/AbstractElementName.java' size='33' bugCount='0'></FileStats><FileStats path='melnorme/lang/tooling/AbstractElementName2.java' size='42' bugCount='0'></FileStats><FileStats path='melnorme/lang/tooling/AbstractKindVisitor.java' size='13' bugCount='0'></FileStats><FileStats path='melnorme/lang/tooling/CompletionProposalKind.java' size='52' bugCount='0'></FileStats><FileStats path='melnorme/lang/tooling/EAttributeFlag.java' size='24' bugCount='0'></FileStats><FileStats path='melnorme/lang/tooling/EProtection.java' size='22' bugCount='0'></FileStats><FileStats path='melnorme/lang/tooling/ElementAttributes.java' size='14' bugCount='0'></FileStats><FileStats path='melnorme/lang/tooling/ElementLabelInfo.java' size='12' bugCount='0'></FileStats><FileStats path='melnorme/lang/tooling/LANG_SPECIFIC.java' size='1' bugCount='0'></FileStats><FileStats path='melnorme/lang/tooling/ToolCompletionProposal.java' size='12' bugCount='0'></FileStats><FileStats path='melnorme/lang/tooling/ToolingMessages.java' size='3' bugCount='0'></FileStats><FileStats path='melnorme/lang/tooling/ToolingMessages_Default.java' size='10' bugCount='0'></FileStats><FileStats path='melnorme/lang/tooling/ast/ParserError.java' size='42' bugHash='7c59f77f505d0d7212b29875e739bd53' bugCount='1'></FileStats><FileStats path='melnorme/lang/tooling/ast/ParserErrorTypes.java' size='18' bugCount='0'></FileStats><FileStats path='melnorme/lang/tooling/ast/SourceRange.java' size='44' bugHash='158f83669b06d9f71619c86074b17aad' bugCount='1'></FileStats><FileStats path='melnorme/lang/tooling/completion/CompletionLocationInfo.java' size='17' bugCount='0'></FileStats><FileStats path='melnorme/lang/tooling/completion/LangCompletionResult.java' size='23' bugCount='0'></FileStats><FileStats path='melnorme/lang/tooling/completion/LangToolCompletionProposal.java' size='70' bugCount='0'></FileStats><FileStats path='melnorme/lang/tooling/data/AbstractValidator.java' size='26' bugCount='0'></FileStats><FileStats path='melnorme/lang/tooling/data/AbstractValidator2.java' size='10' bugCount='0'></FileStats><FileStats path='melnorme/lang/tooling/data/IFieldValidator.java' size='2' bugCount='0'></FileStats><FileStats path='melnorme/lang/tooling/data/LocationOrSinglePathValidator.java' size='9' bugCount='0'></FileStats><FileStats path='melnorme/lang/tooling/data/LocationValidator.java' size='6' bugCount='0'></FileStats><FileStats path='melnorme/lang/tooling/data/PathValidator.java' size='75' bugCount='0'></FileStats><FileStats path='melnorme/lang/tooling/data/SDKLocationValidator.java' size='18' bugCount='0'></FileStats><FileStats path='melnorme/lang/tooling/data/StatusException.java' size='15' bugCount='0'></FileStats><FileStats path='melnorme/lang/tooling/data/StatusLevel.java' size='27' bugCount='0'></FileStats><FileStats path='melnorme/lang/tooling/data/ValidationMessages.java' size='36' bugHash='0d4402e761c16f59a5b15c71ba9369da' bugCount='1'></FileStats><FileStats path='melnorme/lang/tooling/ops/AbstractToolOperation.java' size='10' bugCount='0'></FileStats><FileStats path='melnorme/lang/tooling/ops/AbstractToolOutputParser.java' size='14' bugCount='0'></FileStats><FileStats path='melnorme/lang/tooling/ops/BuildOutputParser.java' size='62' bugCount='0'></FileStats><FileStats path='melnorme/lang/tooling/ops/FindDefinitionResult.java' size='41' bugCount='0'></FileStats><FileStats path='melnorme/lang/tooling/ops/IOperationHelper.java' size='2' bugCount='0'></FileStats><FileStats path='melnorme/lang/tooling/ops/OperationSoftFailure.java' size='4' bugCount='0'></FileStats><FileStats path='melnorme/lang/tooling/ops/SourceLineColumnRange.java' size='54' bugCount='0'></FileStats><FileStats path='melnorme/lang/tooling/ops/ToolOutputParseHelper.java' size='25' bugCount='0'></FileStats><FileStats path='melnorme/lang/tooling/ops/ToolSourceMessage.java' size='32' bugCount='0'></FileStats><FileStats path='melnorme/lang/tooling/ops/util/FileCachingEntry.java' size='23' bugCount='0'></FileStats><FileStats path='melnorme/lang/tooling/ops/util/FileModificationDetectionHelper.java' size='29' bugCount='0'></FileStats><FileStats path='melnorme/lang/tooling/ops/util/SourceLinesInfo.java' size='44' bugCount='0'></FileStats><FileStats path='melnorme/lang/tooling/ops/util/SourceLinesInfo_Test.java' size='10' bugCount='0'></FileStats><FileStats path='melnorme/lang/tooling/parser/ISourceRepresentation.java' size='2' bugCount='0'></FileStats><FileStats path='melnorme/lang/tooling/parser/lexer/CharacterLexingRule.java' size='46' bugCount='0'></FileStats><FileStats path='melnorme/lang/tooling/parser/lexer/CharacterLexingRule_Test.java' size='35' bugCount='0'></FileStats><FileStats path='melnorme/lang/tooling/parser/lexer/CommonLexingRule.java' size='24' bugCount='0'></FileStats><FileStats path='melnorme/lang/tooling/parser/lexer/ICharacterReader.java' size='6' bugCount='0'></FileStats><FileStats path='melnorme/lang/tooling/parser/lexer/ILexingRule.java' size='2' bugCount='0'></FileStats><FileStats path='melnorme/lang/tooling/parser/lexer/StringCharacterReader.java' size='35' bugCount='0'></FileStats><FileStats path='melnorme/lang/tooling/structure/ISourceFileStructure.java' size='3' bugCount='0'></FileStats><FileStats path='melnorme/lang/tooling/structure/IStructureElement.java' size='10' bugCount='0'></FileStats><FileStats path='melnorme/lang/tooling/structure/IStructureElementContainer.java' size='3' bugCount='0'></FileStats><FileStats path='melnorme/lang/tooling/structure/SourceFileStructure.java' size='4' bugCount='0'></FileStats><FileStats path='melnorme/lang/tooling/structure/SourceFileStructure_Default.java' size='47' bugCount='0'></FileStats><FileStats path='melnorme/lang/tooling/structure/StructureContainer.java' size='15' bugCount='0'></FileStats><FileStats path='melnorme/lang/tooling/structure/StructureElement.java' size='19' bugCount='0'></FileStats><FileStats path='melnorme/lang/tooling/structure/StructureElementKind.java' size='44' bugCount='0'></FileStats><FileStats path='melnorme/lang/tooling/structure/StructureElementPrinter.java' size='23' bugCount='0'></FileStats><FileStats path='melnorme/lang/tooling/structure/StructureElementVisitor.java' size='14' bugCount='0'></FileStats><FileStats path='melnorme/lang/tooling/structure/StructureElement_Default.java' size='70' bugCount='0'></FileStats><FileStats path='melnorme/lang/utils/DocumentSerializerHelper.java' size='35' bugCount='0'></FileStats><FileStats path='melnorme/lang/utils/EntryMap.java' size='16' bugCount='0'></FileStats><FileStats path='melnorme/lang/utils/EntryMapTS.java' size='14' bugCount='0'></FileStats><FileStats path='melnorme/lang/utils/ISimpleStatusLogger.java' size='3' bugCount='0'></FileStats><FileStats path='melnorme/lang/utils/LRUCache.java' size='8' bugCount='0'></FileStats><FileStats path='melnorme/lang/utils/M_WorkerThread.java' size='3' bugCount='0'></FileStats><FileStats path='melnorme/lang/utils/MiscFileUtils.java' size='99' bugCount='0'></FileStats><FileStats path='melnorme/lang/utils/ProcessUtils.java' size='44' bugCount='0'></FileStats><FileStats path='melnorme/lang/utils/SearchPathEnvOperation.java' size='30' bugCount='0'></FileStats><FileStats path='melnorme/lang/utils/SearchPathForExecutable.java' size='25' bugCount='0'></FileStats><FileStats path='melnorme/lang/utils/parse/ICharSource.java' size='32' bugCount='0'></FileStats><FileStats path='melnorme/lang/utils/parse/ParseSource.java' size='89' bugCount='0'></FileStats><FileStats path='melnorme/lang/utils/parse/ParseSource_Test.java' size='118' bugCount='0'></FileStats><FileStats path='melnorme/lang/utils/parse/ReaderParseSource.java' size='34' bugCount='0'></FileStats><FileStats path='melnorme/lang/utils/parse/StringParseSource.java' size='25' bugCount='0'></FileStats><FileStats path='melnorme/utilbox/collections/ArrayList2.java' size='47' bugCount='0'></FileStats><FileStats path='melnorme/utilbox/collections/ArrayView.java' size='50' bugCount='0'></FileStats><FileStats path='melnorme/utilbox/collections/ChainedIterable.java' size='14' bugCount='0'></FileStats><FileStats path='melnorme/utilbox/collections/Collection2.java' size='6' bugCount='0'></FileStats><FileStats path='melnorme/utilbox/collections/CollectionView.java' size='16' bugCount='0'></FileStats><FileStats path='melnorme/utilbox/collections/EntriesMap.java' size='19' bugCount='0'></FileStats><FileStats path='melnorme/utilbox/collections/HashMap2.java' size='17' bugCount='0'></FileStats><FileStats path='melnorme/utilbox/collections/HashSet2.java' size='34' bugCount='0'></FileStats><FileStats path='melnorme/utilbox/collections/Indexable.java' size='22' bugCount='0'></FileStats><FileStats path='melnorme/utilbox/collections/LinkedHashMap2.java' size='17' bugCount='0'></FileStats><FileStats path='melnorme/utilbox/collections/SimpleChainedIterator.java' size='18' bugCount='0'></FileStats><FileStats path='melnorme/utilbox/collections/iter/ChainedIterator.java' size='36' bugCount='0'></FileStats><FileStats path='melnorme/utilbox/collections/iter/CopyableListIterator.java' size='24' bugCount='0'></FileStats><FileStats path='melnorme/utilbox/collections/iter/ICopyableIterator.java' size='3' bugCount='0'></FileStats><FileStats path='melnorme/utilbox/concurrency/AutoUnlockable.java' size='2' bugCount='0'></FileStats><FileStats path='melnorme/utilbox/concurrency/AwaitResultFuture.java' size='38' bugCount='0'></FileStats><FileStats path='melnorme/utilbox/concurrency/ExecutorTaskAgent.java' size='72' bugCount='0'></FileStats><FileStats path='melnorme/utilbox/concurrency/ExecutorTaskAgent_Test.java' size='99' bugCount='0'></FileStats><FileStats path='melnorme/utilbox/concurrency/ICancelMonitor.java' size='17' bugCount='0'></FileStats><FileStats path='melnorme/utilbox/concurrency/ICommonAgent.java' size='6' bugCount='0'></FileStats><FileStats path='melnorme/utilbox/concurrency/ITaskAgent.java' size='6' bugCount='0'></FileStats><FileStats path='melnorme/utilbox/concurrency/LatchRunnable.java' size='36' bugCount='0'></FileStats><FileStats path='melnorme/utilbox/concurrency/NamingThreadFactory.java' size='23' bugCount='0'></FileStats><FileStats path='melnorme/utilbox/concurrency/OperationCancellation.java' size='5' bugCount='0'></FileStats><FileStats path='melnorme/utilbox/concurrency/ReentrantLockExt.java' size='12' bugCount='0'></FileStats><FileStats path='melnorme/utilbox/concurrency/SafeRunnable.java' size='10' bugCount='0'></FileStats><FileStats path='melnorme/utilbox/core/Assert.java' size='98' bugCount='0'></FileStats><FileStats path='melnorme/utilbox/core/CommonException.java' size='12' bugCount='0'></FileStats><FileStats path='melnorme/utilbox/core/CoreUtil.java' size='57' bugCount='0'></FileStats><FileStats path='melnorme/utilbox/core/DevelopmentCodeMarkers.java' size='9' bugCount='0'></FileStats><FileStats path='melnorme/utilbox/core/ExceptionAdapter.java' size='50' bugCount='0'></FileStats><FileStats path='melnorme/utilbox/core/fntypes/Function.java' size='4' bugHash='f5db2e181f51ac756737f8ca5dd19867' bugCount='1'></FileStats><FileStats path='melnorme/utilbox/core/fntypes/ICallable.java' size='2' bugCount='0'></FileStats><FileStats path='melnorme/utilbox/core/fntypes/Predicate.java' size='4' bugCount='0'></FileStats><FileStats path='melnorme/utilbox/core/fntypes/ThrowingRunnable.java' size='2' bugCount='0'></FileStats><FileStats path='melnorme/utilbox/core/fntypes/VoidFunction.java' size='4' bugCount='0'></FileStats><FileStats path='melnorme/utilbox/fields/DomainField.java' size='55' bugCount='0'></FileStats><FileStats path='melnorme/utilbox/fields/IDomainField.java' size='5' bugCount='0'></FileStats><FileStats path='melnorme/utilbox/fields/IFieldValueListener.java' size='2' bugCount='0'></FileStats><FileStats path='melnorme/utilbox/fields/IValidatedField.java' size='2' bugCount='0'></FileStats><FileStats path='melnorme/utilbox/fields/NonNullDomainField.java' size='13' bugCount='0'></FileStats><FileStats path='melnorme/utilbox/misc/ArrayUtil.java' size='195' bugCount='0'></FileStats><FileStats path='melnorme/utilbox/misc/ByteArrayOutputStreamExt.java' size='21' bugCount='0'></FileStats><FileStats path='melnorme/utilbox/misc/CollectionUtil.java' size='118' bugCount='0'></FileStats><FileStats path='melnorme/utilbox/misc/ExceptionTrackingRunnable.java' size='17' bugCount='0'></FileStats><FileStats path='melnorme/utilbox/misc/FileUtil.java' size='68' bugCount='0'></FileStats><FileStats path='melnorme/utilbox/misc/HashcodeUtil.java' size='26' bugCount='0'></FileStats><FileStats path='melnorme/utilbox/misc/IByteSequence.java' size='5' bugCount='0'></FileStats><FileStats path='melnorme/utilbox/misc/IListenerList.java' size='4' bugCount='0'></FileStats><FileStats path='melnorme/utilbox/misc/ILogHandler.java' size='2' bugCount='0'></FileStats><FileStats path='melnorme/utilbox/misc/IteratorUtil.java' size='37' bugCount='0'></FileStats><FileStats path='melnorme/utilbox/misc/ListenerListHelper.java' size='32' bugCount='0'></FileStats><FileStats path='melnorme/utilbox/misc/Location.java' size='80' bugCount='0'></FileStats><FileStats path='melnorme/utilbox/misc/MiscUtil.java' size='79' bugHash='72641fa138213964726d367ce5d2bf13' bugCount='1'></FileStats><FileStats path='melnorme/utilbox/misc/NumUtil.java' size='3' bugCount='0'></FileStats><FileStats path='melnorme/utilbox/misc/NumberUtil.java' size='33' bugCount='0'></FileStats><FileStats path='melnorme/utilbox/misc/Pair.java' size='25' bugCount='0'></FileStats><FileStats path='melnorme/utilbox/misc/PathUtil.java' size='30' bugCount='0'></FileStats><FileStats path='melnorme/utilbox/misc/ReflectionUtils.java' size='99' bugCount='0'></FileStats><FileStats path='melnorme/utilbox/misc/SimpleLogger.java' size='36' bugCount='0'></FileStats><FileStats path='melnorme/utilbox/misc/StreamUtil.java' size='116' bugCount='0'></FileStats><FileStats path='melnorme/utilbox/misc/StringUtil.java' size='165' bugCount='0'></FileStats><FileStats path='melnorme/utilbox/ownership/IDisposable.java' size='2' bugCount='0'></FileStats><FileStats path='melnorme/utilbox/ownership/IOwnedList.java' size='6' bugCount='0'></FileStats><FileStats path='melnorme/utilbox/ownership/OwnedArraylist.java' size='4' bugCount='0'></FileStats><FileStats path='melnorme/utilbox/ownership/OwnedObjects.java' size='25' bugCount='0'></FileStats><FileStats path='melnorme/utilbox/process/AbstractExternalProcessHelper.java' size='94' bugCount='0'></FileStats><FileStats path='melnorme/utilbox/process/ExternalProcessHelper.java' size='120' bugCount='0'></FileStats><FileStats path='melnorme/utilbox/process/ExternalProcessNotifyingHelper.java' size='58' bugCount='0'></FileStats><FileStats path='melnorme/utilbox/process/ProcessHelperMessages.java' size='7' bugCount='0'></FileStats><FileStats path='melnorme/utilbox/tests/CommonTest.java' size='10' bugCount='0'></FileStats><FileStats path='melnorme/utilbox/tests/CommonTestExt.java' size='59' bugCount='0'></FileStats><FileStats path='melnorme/utilbox/tests/CommonTestUtils.java' size='154' bugCount='0'></FileStats><FileStats path='melnorme/utilbox/tests/TestsWorkingDir.java' size='40' bugCount='0'></FileStats><FileStats path='melnorme/utilbox/tree/IElement.java' size='7' bugCount='0'></FileStats><FileStats path='melnorme/utilbox/tree/IVisitable.java' size='2' bugCount='0'></FileStats><FileStats path='melnorme/utilbox/tree/SimpleTreeElement.java' size='14' bugCount='0'></FileStats><FileStats path='melnorme/utilbox/tree/TreeDepthFinder.java' size='42' bugCount='0'></FileStats><FileStats path='melnorme/utilbox/tree/TreeVisitor.java' size='14' bugCount='0'></FileStats><FileStats path='melnorme/utilbox/tree/TreeVisitorUtil.java' size='13' bugCount='0'></FileStats><PackageStats package='com.googlecode.goclipse.tooling' total_bugs='0' total_size='274' total_types='13'><ClassStats bugs='0' size='19' interface='false' sourceFile='CommonGoToolingTest.java' class='com.googlecode.goclipse.tooling.CommonGoToolingTest'></ClassStats><ClassStats bugs='0' size='37' interface='false' sourceFile='GoBuildOutputProcessor.java' class='com.googlecode.goclipse.tooling.GoBuildOutputProcessor'></ClassStats><ClassStats bugs='0' size='51' interface='false' sourceFile='GoBuildOutputProcessorTest.java' class='com.googlecode.goclipse.tooling.GoBuildOutputProcessorTest'></ClassStats><ClassStats bugs='0' size='8' interface='false' sourceFile='GoBuildOutputProcessorTest.java' class='com.googlecode.goclipse.tooling.GoBuildOutputProcessorTest$1'></ClassStats><ClassStats bugs='0' size='7' interface='false' sourceFile='GoBuildOutputProcessorTest.java' class='com.googlecode.goclipse.tooling.GoBuildOutputProcessorTest$2'></ClassStats><ClassStats bugs='0' size='14' interface='true' sourceFile='GoCommandConstants.java' class='com.googlecode.goclipse.tooling.GoCommandConstants'></ClassStats><ClassStats bugs='0' size='4' interface='true' sourceFile='GoFileNaming.java' class='com.googlecode.goclipse.tooling.GoFileNaming'></ClassStats><ClassStats bugs='0' size='29' interface='false' sourceFile='GoPackageName.java' class='com.googlecode.goclipse.tooling.GoPackageName'></ClassStats><ClassStats bugs='0' size='40' interface='false' sourceFile='GoPackagesVisitor.java' class='com.googlecode.goclipse.tooling.GoPackagesVisitor'></ClassStats><ClassStats bugs='0' size='22' interface='false' sourceFile='GoPackagesVisitor.java' class='com.googlecode.goclipse.tooling.GoPackagesVisitor$1'></ClassStats><ClassStats bugs='0' size='17' interface='false' sourceFile='GoPackagesVisitor.java' class='com.googlecode.goclipse.tooling.GoPackagesVisitor$CheckDirectoryHasGoSourceFiles'></ClassStats><ClassStats bugs='0' size='6' interface='false' sourceFile='GoSDKLocationValidator.java' class='com.googlecode.goclipse.tooling.GoSDKLocationValidator'></ClassStats><ClassStats bugs='0' size='20' interface='false' sourceFile='GoSourceFileUtil.java' class='com.googlecode.goclipse.tooling.GoSourceFileUtil'></ClassStats></PackageStats><PackageStats package='com.googlecode.goclipse.tooling.env' total_bugs='0' total_size='305' total_types='8'><ClassStats bugs='0' size='11' interface='false' sourceFile='GoArch.java' class='com.googlecode.goclipse.tooling.env.GoArch'></ClassStats><ClassStats bugs='0' size='99' interface='false' sourceFile='GoEnvironment.java' class='com.googlecode.goclipse.tooling.env.GoEnvironment'></ClassStats><ClassStats bugs='0' size='5' interface='true' sourceFile='GoEnvironmentConstants.java' class='com.googlecode.goclipse.tooling.env.GoEnvironmentConstants'></ClassStats><ClassStats bugs='0' size='79' interface='false' sourceFile='GoEnvironmentTest.java' class='com.googlecode.goclipse.tooling.env.GoEnvironmentTest'></ClassStats><ClassStats bugs='0' size='30' interface='false' sourceFile='GoOs.java' class='com.googlecode.goclipse.tooling.env.GoOs'></ClassStats><ClassStats bugs='0' size='55' interface='false' sourceFile='GoPath.java' class='com.googlecode.goclipse.tooling.env.GoPath'></ClassStats><ClassStats bugs='0' size='7' interface='false' sourceFile='GoPath.java' class='com.googlecode.goclipse.tooling.env.GoPath$1'></ClassStats><ClassStats bugs='0' size='19' interface='false' sourceFile='GoRoot.java' class='com.googlecode.goclipse.tooling.env.GoRoot'></ClassStats></PackageStats><PackageStats package='com.googlecode.goclipse.tooling.gocode' total_bugs='0' total_size='34' total_types='1'><ClassStats bugs='0' size='34' interface='false' sourceFile='GocodeCompletionOperation.java' class='com.googlecode.goclipse.tooling.gocode.GocodeCompletionOperation'></ClassStats></PackageStats><PackageStats package='com.googlecode.goclipse.tooling.oracle' total_bugs='0' total_size='314' total_types='7'><ClassStats bugs='0' size='24' interface='false' sourceFile='GoOracleDescribeOperation.java' class='com.googlecode.goclipse.tooling.oracle.GoOracleDescribeOperation'></ClassStats><ClassStats bugs='0' size='46' interface='false' sourceFile='GoOracleFindDefinitionOperation.java' class='com.googlecode.goclipse.tooling.oracle.GoOracleFindDefinitionOperation'></ClassStats><ClassStats bugs='0' size='32' interface='false' sourceFile='GoOracleFindDefinitionOperation_Test.java' class='com.googlecode.goclipse.tooling.oracle.GoOracleFindDefinitionOperation_Test'></ClassStats><ClassStats bugs='0' size='18' interface='false' sourceFile='JSONParseHelpers.java' class='com.googlecode.goclipse.tooling.oracle.JSONParseHelpers'></ClassStats><ClassStats bugs='0' size='110' interface='false' sourceFile='OraclePackageDescribeParser.java' class='com.googlecode.goclipse.tooling.oracle.OraclePackageDescribeParser'></ClassStats><ClassStats bugs='0' size='13' interface='false' sourceFile='OraclePackageDescribeParser.java' class='com.googlecode.goclipse.tooling.oracle.OraclePackageDescribeParser$1'></ClassStats><ClassStats bugs='0' size='71' interface='false' sourceFile='OraclePackageDescribeParser_Test.java' class='com.googlecode.goclipse.tooling.oracle.OraclePackageDescribeParser_Test'></ClassStats></PackageStats><PackageStats package='melnorme.lang.tests' priority_1='2' total_bugs='2' total_size='57' total_types='2'><ClassStats bugs='2' size='16' priority_1='2' interface='false' sourceFile='CommonToolingTest.java' class='melnorme.lang.tests.CommonToolingTest'></ClassStats><ClassStats bugs='0' size='41' interface='false' sourceFile='LangToolingTestResources.java' class='melnorme.lang.tests.LangToolingTestResources'></ClassStats></PackageStats><PackageStats package='melnorme.lang.tooling' total_bugs='0' total_size='276' total_types='14'><ClassStats bugs='0' size='38' interface='false' sourceFile='AbstractElementAttributes.java' class='melnorme.lang.tooling.AbstractElementAttributes'></ClassStats><ClassStats bugs='0' size='33' interface='false' sourceFile='AbstractElementName.java' class='melnorme.lang.tooling.AbstractElementName'></ClassStats><ClassStats bugs='0' size='42' interface='false' sourceFile='AbstractElementName2.java' class='melnorme.lang.tooling.AbstractElementName2'></ClassStats><ClassStats bugs='0' size='13' interface='true' sourceFile='AbstractKindVisitor.java' class='melnorme.lang.tooling.AbstractKindVisitor'></ClassStats><ClassStats bugs='0' size='49' interface='false' sourceFile='CompletionProposalKind.java' class='melnorme.lang.tooling.CompletionProposalKind'></ClassStats><ClassStats bugs='0' size='3' interface='true' sourceFile='CompletionProposalKind.java' class='melnorme.lang.tooling.CompletionProposalKind$ProposalKindVisitor'></ClassStats><ClassStats bugs='0' size='24' interface='false' sourceFile='EAttributeFlag.java' class='melnorme.lang.tooling.EAttributeFlag'></ClassStats><ClassStats bugs='0' size='22' interface='false' sourceFile='EProtection.java' class='melnorme.lang.tooling.EProtection'></ClassStats><ClassStats bugs='0' size='14' interface='false' sourceFile='ElementAttributes.java' class='melnorme.lang.tooling.ElementAttributes'></ClassStats><ClassStats bugs='0' size='12' interface='false' sourceFile='ElementLabelInfo.java' class='melnorme.lang.tooling.ElementLabelInfo'></ClassStats><ClassStats bugs='0' size='1' interface='true' sourceFile='LANG_SPECIFIC.java' class='melnorme.lang.tooling.LANG_SPECIFIC'></ClassStats><ClassStats bugs='0' size='12' interface='false' sourceFile='ToolCompletionProposal.java' class='melnorme.lang.tooling.ToolCompletionProposal'></ClassStats><ClassStats bugs='0' size='3' interface='false' sourceFile='ToolingMessages.java' class='melnorme.lang.tooling.ToolingMessages'></ClassStats><ClassStats bugs='0' size='10' interface='false' sourceFile='ToolingMessages_Default.java' class='melnorme.lang.tooling.ToolingMessages_Default'></ClassStats></PackageStats><PackageStats package='melnorme.lang.tooling.ast' priority_1='2' total_bugs='2' total_size='104' total_types='5'><ClassStats bugs='1' size='34' priority_1='1' interface='false' sourceFile='ParserError.java' class='melnorme.lang.tooling.ast.ParserError'></ClassStats><ClassStats bugs='0' size='8' interface='false' sourceFile='ParserError.java' class='melnorme.lang.tooling.ast.ParserError$ErrorSourceRangeComparator'></ClassStats><ClassStats bugs='0' size='12' interface='false' sourceFile='ParserErrorTypes.java' class='melnorme.lang.tooling.ast.ParserErrorTypes'></ClassStats><ClassStats bugs='0' size='6' interface='false' sourceFile='ParserErrorTypes.java' class='melnorme.lang.tooling.ast.ParserErrorTypes$1'></ClassStats><ClassStats bugs='1' size='44' priority_1='1' interface='false' sourceFile='SourceRange.java' class='melnorme.lang.tooling.ast.SourceRange'></ClassStats></PackageStats><PackageStats package='melnorme.lang.tooling.completion' total_bugs='0' total_size='110' total_types='3'><ClassStats bugs='0' size='17' interface='false' sourceFile='CompletionLocationInfo.java' class='melnorme.lang.tooling.completion.CompletionLocationInfo'></ClassStats><ClassStats bugs='0' size='23' interface='false' sourceFile='LangCompletionResult.java' class='melnorme.lang.tooling.completion.LangCompletionResult'></ClassStats><ClassStats bugs='0' size='70' interface='false' sourceFile='LangToolCompletionProposal.java' class='melnorme.lang.tooling.completion.LangToolCompletionProposal'></ClassStats></PackageStats><PackageStats package='melnorme.lang.tooling.data' priority_1='1' total_bugs='1' total_size='224' total_types='12'><ClassStats bugs='0' size='16' interface='false' sourceFile='AbstractValidator.java' class='melnorme.lang.tooling.data.AbstractValidator'></ClassStats><ClassStats bugs='0' size='10' interface='false' sourceFile='AbstractValidator.java' class='melnorme.lang.tooling.data.AbstractValidator$ValidationException'></ClassStats><ClassStats bugs='0' size='10' interface='false' sourceFile='AbstractValidator2.java' class='melnorme.lang.tooling.data.AbstractValidator2'></ClassStats><ClassStats bugs='0' size='2' interface='true' sourceFile='IFieldValidator.java' class='melnorme.lang.tooling.data.IFieldValidator'></ClassStats><ClassStats bugs='0' size='9' interface='false' sourceFile='LocationOrSinglePathValidator.java' class='melnorme.lang.tooling.data.LocationOrSinglePathValidator'></ClassStats><ClassStats bugs='0' size='6' interface='false' sourceFile='LocationValidator.java' class='melnorme.lang.tooling.data.LocationValidator'></ClassStats><ClassStats bugs='0' size='64' interface='false' sourceFile='PathValidator.java' class='melnorme.lang.tooling.data.PathValidator'></ClassStats><ClassStats bugs='0' size='11' interface='false' sourceFile='PathValidator.java' class='melnorme.lang.tooling.data.PathValidator$LocationKind'></ClassStats><ClassStats bugs='0' size='18' interface='false' sourceFile='SDKLocationValidator.java' class='melnorme.lang.tooling.data.SDKLocationValidator'></ClassStats><ClassStats bugs='0' size='15' interface='false' sourceFile='StatusException.java' class='melnorme.lang.tooling.data.StatusException'></ClassStats><ClassStats bugs='0' size='27' interface='false' sourceFile='StatusLevel.java' class='melnorme.lang.tooling.data.StatusLevel'></ClassStats><ClassStats bugs='1' size='36' priority_1='1' interface='false' sourceFile='ValidationMessages.java' class='melnorme.lang.tooling.data.ValidationMessages'></ClassStats></PackageStats><PackageStats package='melnorme.lang.tooling.ops' total_bugs='0' total_size='244' total_types='10'><ClassStats bugs='0' size='10' interface='false' sourceFile='AbstractToolOperation.java' class='melnorme.lang.tooling.ops.AbstractToolOperation'></ClassStats><ClassStats bugs='0' size='14' interface='false' sourceFile='AbstractToolOutputParser.java' class='melnorme.lang.tooling.ops.AbstractToolOutputParser'></ClassStats><ClassStats bugs='0' size='51' interface='false' sourceFile='BuildOutputParser.java' class='melnorme.lang.tooling.ops.BuildOutputParser'></ClassStats><ClassStats bugs='0' size='11' interface='false' sourceFile='BuildOutputParser.java' class='melnorme.lang.tooling.ops.BuildOutputParser$ToolMessageData'></ClassStats><ClassStats bugs='0' size='41' interface='false' sourceFile='FindDefinitionResult.java' class='melnorme.lang.tooling.ops.FindDefinitionResult'></ClassStats><ClassStats bugs='0' size='2' interface='true' sourceFile='IOperationHelper.java' class='melnorme.lang.tooling.ops.IOperationHelper'></ClassStats><ClassStats bugs='0' size='4' interface='false' sourceFile='OperationSoftFailure.java' class='melnorme.lang.tooling.ops.OperationSoftFailure'></ClassStats><ClassStats bugs='0' size='54' interface='false' sourceFile='SourceLineColumnRange.java' class='melnorme.lang.tooling.ops.SourceLineColumnRange'></ClassStats><ClassStats bugs='0' size='25' interface='false' sourceFile='ToolOutputParseHelper.java' class='melnorme.lang.tooling.ops.ToolOutputParseHelper'></ClassStats><ClassStats bugs='0' size='32' interface='false' sourceFile='ToolSourceMessage.java' class='melnorme.lang.tooling.ops.ToolSourceMessage'></ClassStats></PackageStats><PackageStats package='melnorme.lang.tooling.ops.util' total_bugs='0' total_size='106' total_types='4'><ClassStats bugs='0' size='23' interface='false' sourceFile='FileCachingEntry.java' class='melnorme.lang.tooling.ops.util.FileCachingEntry'></ClassStats><ClassStats bugs='0' size='29' interface='false' sourceFile='FileModificationDetectionHelper.java' class='melnorme.lang.tooling.ops.util.FileModificationDetectionHelper'></ClassStats><ClassStats bugs='0' size='44' interface='false' sourceFile='SourceLinesInfo.java' class='melnorme.lang.tooling.ops.util.SourceLinesInfo'></ClassStats><ClassStats bugs='0' size='10' interface='false' sourceFile='SourceLinesInfo_Test.java' class='melnorme.lang.tooling.ops.util.SourceLinesInfo_Test'></ClassStats></PackageStats><PackageStats package='melnorme.lang.tooling.parser' total_bugs='0' total_size='2' total_types='1'><ClassStats bugs='0' size='2' interface='true' sourceFile='ISourceRepresentation.java' class='melnorme.lang.tooling.parser.ISourceRepresentation'></ClassStats></PackageStats><PackageStats package='melnorme.lang.tooling.parser.lexer' total_bugs='0' total_size='148' total_types='6'><ClassStats bugs='0' size='46' interface='false' sourceFile='CharacterLexingRule.java' class='melnorme.lang.tooling.parser.lexer.CharacterLexingRule'></ClassStats><ClassStats bugs='0' size='35' interface='false' sourceFile='CharacterLexingRule_Test.java' class='melnorme.lang.tooling.parser.lexer.CharacterLexingRule_Test'></ClassStats><ClassStats bugs='0' size='24' interface='false' sourceFile='CommonLexingRule.java' class='melnorme.lang.tooling.parser.lexer.CommonLexingRule'></ClassStats><ClassStats bugs='0' size='6' interface='true' sourceFile='ICharacterReader.java' class='melnorme.lang.tooling.parser.lexer.ICharacterReader'></ClassStats><ClassStats bugs='0' size='2' interface='true' sourceFile='ILexingRule.java' class='melnorme.lang.tooling.parser.lexer.ILexingRule'></ClassStats><ClassStats bugs='0' size='35' interface='false' sourceFile='StringCharacterReader.java' class='melnorme.lang.tooling.parser.lexer.StringCharacterReader'></ClassStats></PackageStats><PackageStats package='melnorme.lang.tooling.structure' total_bugs='0' total_size='252' total_types='13'><ClassStats bugs='0' size='3' interface='true' sourceFile='ISourceFileStructure.java' class='melnorme.lang.tooling.structure.ISourceFileStructure'></ClassStats><ClassStats bugs='0' size='10' interface='true' sourceFile='IStructureElement.java' class='melnorme.lang.tooling.structure.IStructureElement'></ClassStats><ClassStats bugs='0' size='3' interface='true' sourceFile='IStructureElementContainer.java' class='melnorme.lang.tooling.structure.IStructureElementContainer'></ClassStats><ClassStats bugs='0' size='4' interface='false' sourceFile='SourceFileStructure.java' class='melnorme.lang.tooling.structure.SourceFileStructure'></ClassStats><ClassStats bugs='0' size='27' interface='false' sourceFile='SourceFileStructure_Default.java' class='melnorme.lang.tooling.structure.SourceFileStructure_Default'></ClassStats><ClassStats bugs='0' size='20' interface='false' sourceFile='SourceFileStructure_Default.java' class='melnorme.lang.tooling.structure.SourceFileStructure_Default$StructureElementFinderByOffset'></ClassStats><ClassStats bugs='0' size='15' interface='false' sourceFile='StructureContainer.java' class='melnorme.lang.tooling.structure.StructureContainer'></ClassStats><ClassStats bugs='0' size='19' interface='false' sourceFile='StructureElement.java' class='melnorme.lang.tooling.structure.StructureElement'></ClassStats><ClassStats bugs='0' size='40' interface='false' sourceFile='StructureElementKind.java' class='melnorme.lang.tooling.structure.StructureElementKind'></ClassStats><ClassStats bugs='0' size='4' interface='true' sourceFile='StructureElementKind.java' class='melnorme.lang.tooling.structure.StructureElementKind$StructureElementKindVisitor'></ClassStats><ClassStats bugs='0' size='23' interface='false' sourceFile='StructureElementPrinter.java' class='melnorme.lang.tooling.structure.StructureElementPrinter'></ClassStats><ClassStats bugs='0' size='14' interface='false' sourceFile='StructureElementVisitor.java' class='melnorme.lang.tooling.structure.StructureElementVisitor'></ClassStats><ClassStats bugs='0' size='70' interface='false' sourceFile='StructureElement_Default.java' class='melnorme.lang.tooling.structure.StructureElement_Default'></ClassStats></PackageStats><PackageStats package='melnorme.lang.utils' total_bugs='0' total_size='277' total_types='12'><ClassStats bugs='0' size='35' interface='false' sourceFile='DocumentSerializerHelper.java' class='melnorme.lang.utils.DocumentSerializerHelper'></ClassStats><ClassStats bugs='0' size='16' interface='false' sourceFile='EntryMap.java' class='melnorme.lang.utils.EntryMap'></ClassStats><ClassStats bugs='0' size='14' interface='false' sourceFile='EntryMapTS.java' class='melnorme.lang.utils.EntryMapTS'></ClassStats><ClassStats bugs='0' size='3' interface='true' sourceFile='ISimpleStatusLogger.java' class='melnorme.lang.utils.ISimpleStatusLogger'></ClassStats><ClassStats bugs='0' size='8' interface='false' sourceFile='LRUCache.java' class='melnorme.lang.utils.LRUCache'></ClassStats><ClassStats bugs='0' size='3' interface='false' sourceFile='M_WorkerThread.java' class='melnorme.lang.utils.M_WorkerThread'></ClassStats><ClassStats bugs='0' size='57' interface='false' sourceFile='MiscFileUtils.java' class='melnorme.lang.utils.MiscFileUtils'></ClassStats><ClassStats bugs='0' size='14' interface='false' sourceFile='MiscFileUtils.java' class='melnorme.lang.utils.MiscFileUtils$FileCopyTraverser'></ClassStats><ClassStats bugs='0' size='28' interface='false' sourceFile='MiscFileUtils.java' class='melnorme.lang.utils.MiscFileUtils$FileTraverser'></ClassStats><ClassStats bugs='0' size='44' interface='false' sourceFile='ProcessUtils.java' class='melnorme.lang.utils.ProcessUtils'></ClassStats><ClassStats bugs='0' size='30' interface='false' sourceFile='SearchPathEnvOperation.java' class='melnorme.lang.utils.SearchPathEnvOperation'></ClassStats><ClassStats bugs='0' size='25' interface='false' sourceFile='SearchPathForExecutable.java' class='melnorme.lang.utils.SearchPathForExecutable'></ClassStats></PackageStats><PackageStats package='melnorme.lang.utils.parse' total_bugs='0' total_size='298' total_types='7'><ClassStats bugs='0' size='32' interface='true' sourceFile='ICharSource.java' class='melnorme.lang.utils.parse.ICharSource'></ClassStats><ClassStats bugs='0' size='89' interface='true' sourceFile='ParseSource.java' class='melnorme.lang.utils.parse.ParseSource'></ClassStats><ClassStats bugs='0' size='105' interface='false' sourceFile='ParseSource_Test.java' class='melnorme.lang.utils.parse.ParseSource_Test'></ClassStats><ClassStats bugs='0' size='5' interface='false' sourceFile='ParseSource_Test.java' class='melnorme.lang.utils.parse.ParseSource_Test$ReaderParseSource_Test'></ClassStats><ClassStats bugs='0' size='8' interface='false' sourceFile='ParseSource_Test.java' class='melnorme.lang.utils.parse.ParseSource_Test$StringParseSource_Test'></ClassStats><ClassStats bugs='0' size='34' interface='false' sourceFile='ReaderParseSource.java' class='melnorme.lang.utils.parse.ReaderParseSource'></ClassStats><ClassStats bugs='0' size='25' interface='false' sourceFile='StringParseSource.java' class='melnorme.lang.utils.parse.StringParseSource'></ClassStats></PackageStats><PackageStats package='melnorme.utilbox.collections' total_bugs='0' total_size='260' total_types='12'><ClassStats bugs='0' size='47' interface='false' sourceFile='ArrayList2.java' class='melnorme.utilbox.collections.ArrayList2'></ClassStats><ClassStats bugs='0' size='36' interface='false' sourceFile='ArrayView.java' class='melnorme.utilbox.collections.ArrayView'></ClassStats><ClassStats bugs='0' size='14' interface='false' sourceFile='ArrayView.java' class='melnorme.utilbox.collections.ArrayView$ArrayIterator'></ClassStats><ClassStats bugs='0' size='14' interface='false' sourceFile='ChainedIterable.java' class='melnorme.utilbox.collections.ChainedIterable'></ClassStats><ClassStats bugs='0' size='6' interface='true' sourceFile='Collection2.java' class='melnorme.utilbox.collections.Collection2'></ClassStats><ClassStats bugs='0' size='16' interface='false' sourceFile='CollectionView.java' class='melnorme.utilbox.collections.CollectionView'></ClassStats><ClassStats bugs='0' size='19' interface='false' sourceFile='EntriesMap.java' class='melnorme.utilbox.collections.EntriesMap'></ClassStats><ClassStats bugs='0' size='17' interface='false' sourceFile='HashMap2.java' class='melnorme.utilbox.collections.HashMap2'></ClassStats><ClassStats bugs='0' size='34' interface='false' sourceFile='HashSet2.java' class='melnorme.utilbox.collections.HashSet2'></ClassStats><ClassStats bugs='0' size='22' interface='true' sourceFile='Indexable.java' class='melnorme.utilbox.collections.Indexable'></ClassStats><ClassStats bugs='0' size='17' interface='false' sourceFile='LinkedHashMap2.java' class='melnorme.utilbox.collections.LinkedHashMap2'></ClassStats><ClassStats bugs='0' size='18' interface='false' sourceFile='SimpleChainedIterator.java' class='melnorme.utilbox.collections.SimpleChainedIterator'></ClassStats></PackageStats><PackageStats package='melnorme.utilbox.collections.iter' total_bugs='0' total_size='63' total_types='3'><ClassStats bugs='0' size='36' interface='false' sourceFile='ChainedIterator.java' class='melnorme.utilbox.collections.iter.ChainedIterator'></ClassStats><ClassStats bugs='0' size='24' interface='false' sourceFile='CopyableListIterator.java' class='melnorme.utilbox.collections.iter.CopyableListIterator'></ClassStats><ClassStats bugs='0' size='3' interface='true' sourceFile='ICopyableIterator.java' class='melnorme.utilbox.collections.iter.ICopyableIterator'></ClassStats></PackageStats><PackageStats package='melnorme.utilbox.concurrency' total_bugs='0' total_size='326' total_types='18'><ClassStats bugs='0' size='2' interface='true' sourceFile='AutoUnlockable.java' class='melnorme.utilbox.concurrency.AutoUnlockable'></ClassStats><ClassStats bugs='0' size='38' interface='false' sourceFile='AwaitResultFuture.java' class='melnorme.utilbox.concurrency.AwaitResultFuture'></ClassStats><ClassStats bugs='0' size='65' interface='false' sourceFile='ExecutorTaskAgent.java' class='melnorme.utilbox.concurrency.ExecutorTaskAgent'></ClassStats><ClassStats bugs='0' size='7' interface='false' sourceFile='ExecutorTaskAgent.java' class='melnorme.utilbox.concurrency.ExecutorTaskAgent$1'></ClassStats><ClassStats bugs='0' size='74' interface='false' sourceFile='ExecutorTaskAgent_Test.java' class='melnorme.utilbox.concurrency.ExecutorTaskAgent_Test'></ClassStats><ClassStats bugs='0' size='10' interface='false' sourceFile='ExecutorTaskAgent_Test.java' class='melnorme.utilbox.concurrency.ExecutorTaskAgent_Test$1'></ClassStats><ClassStats bugs='0' size='7' interface='false' sourceFile='ExecutorTaskAgent_Test.java' class='melnorme.utilbox.concurrency.ExecutorTaskAgent_Test$2'></ClassStats><ClassStats bugs='0' size='8' interface='false' sourceFile='ExecutorTaskAgent_Test.java' class='melnorme.utilbox.concurrency.ExecutorTaskAgent_Test$3'></ClassStats><ClassStats bugs='0' size='2' interface='true' sourceFile='ICancelMonitor.java' class='melnorme.utilbox.concurrency.ICancelMonitor'></ClassStats><ClassStats bugs='0' size='5' interface='false' sourceFile='ICancelMonitor.java' class='melnorme.utilbox.concurrency.ICancelMonitor$NullCancelMonitor'></ClassStats><ClassStats bugs='0' size='10' interface='false' sourceFile='ICancelMonitor.java' class='melnorme.utilbox.concurrency.ICancelMonitor$_Util'></ClassStats><ClassStats bugs='0' size='6' interface='true' sourceFile='ICommonAgent.java' class='melnorme.utilbox.concurrency.ICommonAgent'></ClassStats><ClassStats bugs='0' size='6' interface='true' sourceFile='ITaskAgent.java' class='melnorme.utilbox.concurrency.ITaskAgent'></ClassStats><ClassStats bugs='0' size='36' interface='false' sourceFile='LatchRunnable.java' class='melnorme.utilbox.concurrency.LatchRunnable'></ClassStats><ClassStats bugs='0' size='23' interface='false' sourceFile='NamingThreadFactory.java' class='melnorme.utilbox.concurrency.NamingThreadFactory'></ClassStats><ClassStats bugs='0' size='5' interface='false' sourceFile='OperationCancellation.java' class='melnorme.utilbox.concurrency.OperationCancellation'></ClassStats><ClassStats bugs='0' size='12' interface='false' sourceFile='ReentrantLockExt.java' class='melnorme.utilbox.concurrency.ReentrantLockExt'></ClassStats><ClassStats bugs='0' size='10' interface='false' sourceFile='SafeRunnable.java' class='melnorme.utilbox.concurrency.SafeRunnable'></ClassStats></PackageStats><PackageStats package='melnorme.utilbox.core' total_bugs='0' total_size='226' total_types='11'><ClassStats bugs='0' size='48' interface='false' sourceFile='Assert.java' class='melnorme.utilbox.core.Assert'></ClassStats><ClassStats bugs='0' size='8' interface='false' sourceFile='Assert.java' class='melnorme.utilbox.core.Assert$1'></ClassStats><ClassStats bugs='0' size='8' interface='false' sourceFile='Assert.java' class='melnorme.utilbox.core.Assert$AssertFailedException'></ClassStats><ClassStats bugs='0' size='5' interface='false' sourceFile='Assert.java' class='melnorme.utilbox.core.Assert$AssertHandler'></ClassStats><ClassStats bugs='0' size='29' interface='false' sourceFile='Assert.java' class='melnorme.utilbox.core.Assert$AssertNamespace'></ClassStats><ClassStats bugs='0' size='12' interface='false' sourceFile='CommonException.java' class='melnorme.utilbox.core.CommonException'></ClassStats><ClassStats bugs='0' size='57' interface='false' sourceFile='CoreUtil.java' class='melnorme.utilbox.core.CoreUtil'></ClassStats><ClassStats bugs='0' size='7' interface='true' sourceFile='DevelopmentCodeMarkers.java' class='melnorme.utilbox.core.DevelopmentCodeMarkers'></ClassStats><ClassStats bugs='0' size='1' interface='true' sourceFile='DevelopmentCodeMarkers.java' class='melnorme.utilbox.core.DevelopmentCodeMarkers$Tests_HasExternalDependencies'></ClassStats><ClassStats bugs='0' size='1' interface='true' sourceFile='DevelopmentCodeMarkers.java' class='melnorme.utilbox.core.DevelopmentCodeMarkers$UsesReflectionToAccessInternalAPI'></ClassStats><ClassStats bugs='0' size='50' interface='false' sourceFile='ExceptionAdapter.java' class='melnorme.utilbox.core.ExceptionAdapter'></ClassStats></PackageStats><PackageStats package='melnorme.utilbox.core.fntypes' priority_1='1' total_bugs='1' total_size='16' total_types='5'><ClassStats bugs='1' size='4' priority_1='1' interface='true' sourceFile='Function.java' class='melnorme.utilbox.core.fntypes.Function'></ClassStats><ClassStats bugs='0' size='2' interface='true' sourceFile='ICallable.java' class='melnorme.utilbox.core.fntypes.ICallable'></ClassStats><ClassStats bugs='0' size='4' interface='true' sourceFile='Predicate.java' class='melnorme.utilbox.core.fntypes.Predicate'></ClassStats><ClassStats bugs='0' size='2' interface='true' sourceFile='ThrowingRunnable.java' class='melnorme.utilbox.core.fntypes.ThrowingRunnable'></ClassStats><ClassStats bugs='0' size='4' interface='true' sourceFile='VoidFunction.java' class='melnorme.utilbox.core.fntypes.VoidFunction'></ClassStats></PackageStats><PackageStats package='melnorme.utilbox.fields' total_bugs='0' total_size='77' total_types='5'><ClassStats bugs='0' size='55' interface='false' sourceFile='DomainField.java' class='melnorme.utilbox.fields.DomainField'></ClassStats><ClassStats bugs='0' size='5' interface='true' sourceFile='IDomainField.java' class='melnorme.utilbox.fields.IDomainField'></ClassStats><ClassStats bugs='0' size='2' interface='true' sourceFile='IFieldValueListener.java' class='melnorme.utilbox.fields.IFieldValueListener'></ClassStats><ClassStats bugs='0' size='2' interface='true' sourceFile='IValidatedField.java' class='melnorme.utilbox.fields.IValidatedField'></ClassStats><ClassStats bugs='0' size='13' interface='false' sourceFile='NonNullDomainField.java' class='melnorme.utilbox.fields.NonNullDomainField'></ClassStats></PackageStats><PackageStats package='melnorme.utilbox.misc' priority_1='1' total_bugs='1' total_size='1191' total_types='24'><ClassStats bugs='0' size='195' interface='false' sourceFile='ArrayUtil.java' class='melnorme.utilbox.misc.ArrayUtil'></ClassStats><ClassStats bugs='0' size='21' interface='false' sourceFile='ByteArrayOutputStreamExt.java' class='melnorme.utilbox.misc.ByteArrayOutputStreamExt'></ClassStats><ClassStats bugs='0' size='118' interface='false' sourceFile='CollectionUtil.java' class='melnorme.utilbox.misc.CollectionUtil'></ClassStats><ClassStats bugs='0' size='17' interface='false' sourceFile='ExceptionTrackingRunnable.java' class='melnorme.utilbox.misc.ExceptionTrackingRunnable'></ClassStats><ClassStats bugs='0' size='53' interface='false' sourceFile='FileUtil.java' class='melnorme.utilbox.misc.FileUtil'></ClassStats><ClassStats bugs='0' size='15' interface='false' sourceFile='FileUtil.java' class='melnorme.utilbox.misc.FileUtil$1'></ClassStats><ClassStats bugs='0' size='26' interface='false' sourceFile='HashcodeUtil.java' class='melnorme.utilbox.misc.HashcodeUtil'></ClassStats><ClassStats bugs='0' size='5' interface='true' sourceFile='IByteSequence.java' class='melnorme.utilbox.misc.IByteSequence'></ClassStats><ClassStats bugs='0' size='4' interface='true' sourceFile='IListenerList.java' class='melnorme.utilbox.misc.IListenerList'></ClassStats><ClassStats bugs='0' size='2' interface='true' sourceFile='ILogHandler.java' class='melnorme.utilbox.misc.ILogHandler'></ClassStats><ClassStats bugs='0' size='37' interface='false' sourceFile='IteratorUtil.java' class='melnorme.utilbox.misc.IteratorUtil'></ClassStats><ClassStats bugs='0' size='32' interface='false' sourceFile='ListenerListHelper.java' class='melnorme.utilbox.misc.ListenerListHelper'></ClassStats><ClassStats bugs='0' size='80' interface='false' sourceFile='Location.java' class='melnorme.utilbox.misc.Location'></ClassStats><ClassStats bugs='1' size='69' priority_1='1' interface='false' sourceFile='MiscUtil.java' class='melnorme.utilbox.misc.MiscUtil'></ClassStats><ClassStats bugs='0' size='5' interface='false' sourceFile='MiscUtil.java' class='melnorme.utilbox.misc.MiscUtil$IsNullPredicate'></ClassStats><ClassStats bugs='0' size='5' interface='false' sourceFile='MiscUtil.java' class='melnorme.utilbox.misc.MiscUtil$NotNullPredicate'></ClassStats><ClassStats bugs='0' size='3' interface='false' sourceFile='NumUtil.java' class='melnorme.utilbox.misc.NumUtil'></ClassStats><ClassStats bugs='0' size='33' interface='false' sourceFile='NumberUtil.java' class='melnorme.utilbox.misc.NumberUtil'></ClassStats><ClassStats bugs='0' size='25' interface='false' sourceFile='Pair.java' class='melnorme.utilbox.misc.Pair'></ClassStats><ClassStats bugs='0' size='30' interface='false' sourceFile='PathUtil.java' class='melnorme.utilbox.misc.PathUtil'></ClassStats><ClassStats bugs='0' size='99' interface='false' sourceFile='ReflectionUtils.java' class='melnorme.utilbox.misc.ReflectionUtils'></ClassStats><ClassStats bugs='0' size='36' interface='false' sourceFile='SimpleLogger.java' class='melnorme.utilbox.misc.SimpleLogger'></ClassStats><ClassStats bugs='0' size='116' interface='false' sourceFile='StreamUtil.java' class='melnorme.utilbox.misc.StreamUtil'></ClassStats><ClassStats bugs='0' size='165' interface='false' sourceFile='StringUtil.java' class='melnorme.utilbox.misc.StringUtil'></ClassStats></PackageStats><PackageStats package='melnorme.utilbox.ownership' total_bugs='0' total_size='37' total_types='4'><ClassStats bugs='0' size='2' interface='true' sourceFile='IDisposable.java' class='melnorme.utilbox.ownership.IDisposable'></ClassStats><ClassStats bugs='0' size='6' interface='true' sourceFile='IOwnedList.java' class='melnorme.utilbox.ownership.IOwnedList'></ClassStats><ClassStats bugs='0' size='4' interface='false' sourceFile='OwnedArraylist.java' class='melnorme.utilbox.ownership.OwnedArraylist'></ClassStats><ClassStats bugs='0' size='25' interface='false' sourceFile='OwnedObjects.java' class='melnorme.utilbox.ownership.OwnedObjects'></ClassStats></PackageStats><PackageStats package='melnorme.utilbox.process' total_bugs='0' total_size='279' total_types='11'><ClassStats bugs='0' size='61' interface='false' sourceFile='AbstractExternalProcessHelper.java' class='melnorme.utilbox.process.AbstractExternalProcessHelper'></ClassStats><ClassStats bugs='0' size='20' interface='false' sourceFile='AbstractExternalProcessHelper.java' class='melnorme.utilbox.process.AbstractExternalProcessHelper$ProcessHelperMainThread'></ClassStats><ClassStats bugs='0' size='13' interface='false' sourceFile='AbstractExternalProcessHelper.java' class='melnorme.utilbox.process.AbstractExternalProcessHelper$ProcessHelperStdErrThread'></ClassStats><ClassStats bugs='0' size='83' interface='false' sourceFile='ExternalProcessHelper.java' class='melnorme.utilbox.process.ExternalProcessHelper'></ClassStats><ClassStats bugs='0' size='15' interface='false' sourceFile='ExternalProcessHelper.java' class='melnorme.utilbox.process.ExternalProcessHelper$ExternalProcessResult'></ClassStats><ClassStats bugs='0' size='22' interface='false' sourceFile='ExternalProcessHelper.java' class='melnorme.utilbox.process.ExternalProcessHelper$ReadAllBytesTask'></ClassStats><ClassStats bugs='0' size='38' interface='false' sourceFile='ExternalProcessNotifyingHelper.java' class='melnorme.utilbox.process.ExternalProcessNotifyingHelper'></ClassStats><ClassStats bugs='0' size='8' interface='false' sourceFile='ExternalProcessNotifyingHelper.java' class='melnorme.utilbox.process.ExternalProcessNotifyingHelper$1'></ClassStats><ClassStats bugs='0' size='8' interface='false' sourceFile='ExternalProcessNotifyingHelper.java' class='melnorme.utilbox.process.ExternalProcessNotifyingHelper$2'></ClassStats><ClassStats bugs='0' size='4' interface='true' sourceFile='ExternalProcessNotifyingHelper.java' class='melnorme.utilbox.process.ExternalProcessNotifyingHelper$IProcessOutputListener'></ClassStats><ClassStats bugs='0' size='7' interface='true' sourceFile='ProcessHelperMessages.java' class='melnorme.utilbox.process.ProcessHelperMessages'></ClassStats></PackageStats><PackageStats package='melnorme.utilbox.tests' total_bugs='0' total_size='263' total_types='7'><ClassStats bugs='0' size='10' interface='false' sourceFile='CommonTest.java' class='melnorme.utilbox.tests.CommonTest'></ClassStats><ClassStats bugs='0' size='38' interface='false' sourceFile='CommonTestExt.java' class='melnorme.utilbox.tests.CommonTestExt'></ClassStats><ClassStats bugs='0' size='2' interface='true' sourceFile='CommonTestExt.java' class='melnorme.utilbox.tests.CommonTestExt$Checker'></ClassStats><ClassStats bugs='0' size='17' interface='false' sourceFile='CommonTestExt.java' class='melnorme.utilbox.tests.CommonTestExt$CommonChecker'></ClassStats><ClassStats bugs='0' size='2' interface='true' sourceFile='CommonTestExt.java' class='melnorme.utilbox.tests.CommonTestExt$Visitor'></ClassStats><ClassStats bugs='0' size='154' interface='false' sourceFile='CommonTestUtils.java' class='melnorme.utilbox.tests.CommonTestUtils'></ClassStats><ClassStats bugs='0' size='40' interface='false' sourceFile='TestsWorkingDir.java' class='melnorme.utilbox.tests.TestsWorkingDir'></ClassStats></PackageStats><PackageStats package='melnorme.utilbox.tree' total_bugs='0' total_size='92' total_types='6'><ClassStats bugs='0' size='7' interface='true' sourceFile='IElement.java' class='melnorme.utilbox.tree.IElement'></ClassStats><ClassStats bugs='0' size='2' interface='true' sourceFile='IVisitable.java' class='melnorme.utilbox.tree.IVisitable'></ClassStats><ClassStats bugs='0' size='14' interface='false' sourceFile='SimpleTreeElement.java' class='melnorme.utilbox.tree.SimpleTreeElement'></ClassStats><ClassStats bugs='0' size='42' interface='false' sourceFile='TreeDepthFinder.java' class='melnorme.utilbox.tree.TreeDepthFinder'></ClassStats><ClassStats bugs='0' size='14' interface='false' sourceFile='TreeVisitor.java' class='melnorme.utilbox.tree.TreeVisitor'></ClassStats><ClassStats bugs='0' size='13' interface='false' sourceFile='TreeVisitorUtil.java' class='melnorme.utilbox.tree.TreeVisitorUtil'></ClassStats></PackageStats><FindBugsProfile><ClassProfile avgMicrosecondsPerInvocation='312' totalMilliseconds='408' name='edu.umd.cs.findbugs.classfile.engine.ClassInfoAnalysisEngine' maxMicrosecondsPerInvocation='17622' standardDeviationMicrosecondsPerInvocation='871' invocations='1305'></ClassProfile><ClassProfile avgMicrosecondsPerInvocation='259' totalMilliseconds='339' name='edu.umd.cs.findbugs.classfile.engine.ClassDataAnalysisEngine' maxMicrosecondsPerInvocation='2894' standardDeviationMicrosecondsPerInvocation='182' invocations='1310'></ClassProfile><ClassProfile avgMicrosecondsPerInvocation='225' totalMilliseconds='295' name='edu.umd.cs.findbugs.classfile.engine.bcel.IsNullValueDataflowFactory' maxMicrosecondsPerInvocation='35268' standardDeviationMicrosecondsPerInvocation='1283' invocations='1311'></ClassProfile><ClassProfile avgMicrosecondsPerInvocation='204' totalMilliseconds='258' name='edu.umd.cs.findbugs.ba.npe.NullDerefAndRedundantComparisonFinder' maxMicrosecondsPerInvocation='45327' standardDeviationMicrosecondsPerInvocation='1458' invocations='1265'></ClassProfile><ClassProfile avgMicrosecondsPerInvocation='457' totalMilliseconds='231' name='edu.umd.cs.findbugs.detect.FindNoSideEffectMethods' maxMicrosecondsPerInvocation='23658' standardDeviationMicrosecondsPerInvocation='1321' invocations='506'></ClassProfile><ClassProfile avgMicrosecondsPerInvocation='169' totalMilliseconds='222' name='edu.umd.cs.findbugs.classfile.engine.bcel.CFGFactory' maxMicrosecondsPerInvocation='51163' standardDeviationMicrosecondsPerInvocation='1492' invocations='1311'></ClassProfile><ClassProfile avgMicrosecondsPerInvocation='427' totalMilliseconds='216' name='edu.umd.cs.findbugs.detect.FieldItemSummary' maxMicrosecondsPerInvocation='8962' standardDeviationMicrosecondsPerInvocation='957' invocations='506'></ClassProfile><ClassProfile avgMicrosecondsPerInvocation='153' totalMilliseconds='204' name='edu.umd.cs.findbugs.classfile.engine.bcel.TypeDataflowFactory' maxMicrosecondsPerInvocation='13850' standardDeviationMicrosecondsPerInvocation='520' invocations='1332'></ClassProfile><ClassProfile avgMicrosecondsPerInvocation='90' totalMilliseconds='181' name='edu.umd.cs.findbugs.OpcodeStack$JumpInfoFactory' maxMicrosecondsPerInvocation='5656' standardDeviationMicrosecondsPerInvocation='212' invocations='2004'></ClassProfile><ClassProfile avgMicrosecondsPerInvocation='132' totalMilliseconds='177' name='edu.umd.cs.findbugs.classfile.engine.bcel.ValueNumberDataflowFactory' maxMicrosecondsPerInvocation='12744' standardDeviationMicrosecondsPerInvocation='530' invocations='1341'></ClassProfile><ClassProfile avgMicrosecondsPerInvocation='121' totalMilliseconds='155' name='edu.umd.cs.findbugs.classfile.engine.bcel.UnconditionalValueDerefDataflowFactory' maxMicrosecondsPerInvocation='5076' standardDeviationMicrosecondsPerInvocation='273' invocations='1283'></ClassProfile><ClassProfile avgMicrosecondsPerInvocation='112' totalMilliseconds='127' name='edu.umd.cs.findbugs.detect.FindRefComparison$SpecialTypeAnalysis' maxMicrosecondsPerInvocation='10826' standardDeviationMicrosecondsPerInvocation='369' invocations='1136'></ClassProfile><ClassProfile avgMicrosecondsPerInvocation='176' totalMilliseconds='102' name='edu.umd.cs.findbugs.classfile.engine.bcel.JavaClassAnalysisEngine' maxMicrosecondsPerInvocation='27766' standardDeviationMicrosecondsPerInvocation='1185' invocations='582'></ClassProfile><ClassProfile avgMicrosecondsPerInvocation='69' totalMilliseconds='99' name='edu.umd.cs.findbugs.classfile.engine.bcel.MethodGenFactory' maxMicrosecondsPerInvocation='40596' standardDeviationMicrosecondsPerInvocation='1074' invocations='1427'></ClassProfile><ClassProfile avgMicrosecondsPerInvocation='150' totalMilliseconds='76' name='edu.umd.cs.findbugs.detect.NoteDirectlyRelevantTypeQualifiers' maxMicrosecondsPerInvocation='4092' standardDeviationMicrosecondsPerInvocation='336' invocations='506'></ClassProfile><ClassProfile avgMicrosecondsPerInvocation='2' totalMilliseconds='66' name='edu.umd.cs.findbugs.DetectorToDetector2Adapter' maxMicrosecondsPerInvocation='78' standardDeviationMicrosecondsPerInvocation='1' invocations='27502'></ClassProfile><ClassProfile avgMicrosecondsPerInvocation='286' totalMilliseconds='64' name='edu.umd.cs.findbugs.detect.FindUselessObjects' maxMicrosecondsPerInvocation='24810' standardDeviationMicrosecondsPerInvocation='1727' invocations='224'></ClassProfile><ClassProfile avgMicrosecondsPerInvocation='113' totalMilliseconds='57' name='edu.umd.cs.findbugs.detect.OverridingEqualsNotSymmetrical' maxMicrosecondsPerInvocation='11470' standardDeviationMicrosecondsPerInvocation='667' invocations='506'></ClassProfile><ClassProfile avgMicrosecondsPerInvocation='44' totalMilliseconds='56' name='edu.umd.cs.findbugs.util.TopologicalSort' maxMicrosecondsPerInvocation='1551' standardDeviationMicrosecondsPerInvocation='103' invocations='1267'></ClassProfile><ClassProfile avgMicrosecondsPerInvocation='3' totalMilliseconds='54' name='edu.umd.cs.findbugs.ba.npe.TypeQualifierNullnessAnnotationDatabase' maxMicrosecondsPerInvocation='1268' standardDeviationMicrosecondsPerInvocation='18' invocations='16877'></ClassProfile><ClassProfile avgMicrosecondsPerInvocation='236' totalMilliseconds='52' name='edu.umd.cs.findbugs.detect.FindDeadLocalStores' maxMicrosecondsPerInvocation='15305' standardDeviationMicrosecondsPerInvocation='1067' invocations='224'></ClassProfile><ClassProfile avgMicrosecondsPerInvocation='104' totalMilliseconds='52' name='edu.umd.cs.findbugs.detect.BuildObligationPolicyDatabase' maxMicrosecondsPerInvocation='1820' standardDeviationMicrosecondsPerInvocation='184' invocations='506'></ClassProfile><ClassProfile avgMicrosecondsPerInvocation='101' totalMilliseconds='51' name='edu.umd.cs.findbugs.detect.CalledMethods' maxMicrosecondsPerInvocation='7143' standardDeviationMicrosecondsPerInvocation='356' invocations='506'></ClassProfile><ClassProfile avgMicrosecondsPerInvocation='38' totalMilliseconds='51' name='edu.umd.cs.findbugs.classfile.engine.bcel.ConstantDataflowFactory' maxMicrosecondsPerInvocation='1697' standardDeviationMicrosecondsPerInvocation='78' invocations='1311'></ClassProfile><ClassProfile avgMicrosecondsPerInvocation='214' totalMilliseconds='48' name='edu.umd.cs.findbugs.detect.DumbMethods' maxMicrosecondsPerInvocation='4429' standardDeviationMicrosecondsPerInvocation='387' invocations='224'></ClassProfile><ClassProfile avgMicrosecondsPerInvocation='93' totalMilliseconds='47' name='edu.umd.cs.findbugs.detect.FunctionsThatMightBeMistakenForProcedures' maxMicrosecondsPerInvocation='3494' standardDeviationMicrosecondsPerInvocation='236' invocations='506'></ClassProfile><ClassProfile avgMicrosecondsPerInvocation='210' totalMilliseconds='47' name='edu.umd.cs.findbugs.detect.UnreadFields' maxMicrosecondsPerInvocation='1654' standardDeviationMicrosecondsPerInvocation='239' invocations='224'></ClassProfile><ClassProfile avgMicrosecondsPerInvocation='192' totalMilliseconds='43' name='edu.umd.cs.findbugs.detect.CheckRelaxingNullnessAnnotation' maxMicrosecondsPerInvocation='9216' standardDeviationMicrosecondsPerInvocation='804' invocations='224'></ClassProfile><ClassProfile avgMicrosecondsPerInvocation='188' totalMilliseconds='42' name='edu.umd.cs.findbugs.detect.FindInconsistentSync2' maxMicrosecondsPerInvocation='2212' standardDeviationMicrosecondsPerInvocation='290' invocations='224'></ClassProfile><ClassProfile avgMicrosecondsPerInvocation='81' totalMilliseconds='41' name='edu.umd.cs.findbugs.detect.BuildStringPassthruGraph' maxMicrosecondsPerInvocation='2024' standardDeviationMicrosecondsPerInvocation='213' invocations='506'></ClassProfile><ClassProfile avgMicrosecondsPerInvocation='181' totalMilliseconds='40' name='edu.umd.cs.findbugs.detect.FindRefComparison' maxMicrosecondsPerInvocation='4071' standardDeviationMicrosecondsPerInvocation='425' invocations='224'></ClassProfile><ClassProfile avgMicrosecondsPerInvocation='26' totalMilliseconds='38' name='edu.umd.cs.findbugs.classfile.engine.bcel.ValueRangeAnalysisFactory' maxMicrosecondsPerInvocation='3251' standardDeviationMicrosecondsPerInvocation='122' invocations='1427'></ClassProfile><ClassProfile avgMicrosecondsPerInvocation='28' totalMilliseconds='35' name='edu.umd.cs.findbugs.classfile.engine.bcel.LiveLocalStoreDataflowFactory' maxMicrosecondsPerInvocation='6005' standardDeviationMicrosecondsPerInvocation='175' invocations='1259'></ClassProfile><ClassProfile avgMicrosecondsPerInvocation='27' totalMilliseconds='34' name='edu.umd.cs.findbugs.detect.FindNullDeref$CheckCallSitesAndReturnInstructions' maxMicrosecondsPerInvocation='1724' standardDeviationMicrosecondsPerInvocation='82' invocations='1265'></ClassProfile></FindBugsProfile></FindBugsSummary><ClassFeatures></ClassFeatures><History></History></BugCollection>